Question,Subj_Q,Answer,Subj_A
هل حد فيكو لي تجربه مع تمارين التمدد و هل زادت من طولك ,0,لا يوجد تمارين تزيد الطول,0
هل الافضل افعل تمارين التمدد و انا صائم ام افعلها بعد الفطور ,0,يفضل أن تقوم بتمارين التمدد بعد الفطور  حيث يحتاج جسمك إلى الطاقة والتغذية للقيام بالتمارين بشكل صحيح وآمن  كما أنه من المهم شرب الماء بشكل كاف خلال فترة الصيام وبعدها لتجنب الجفاف وضربات الشمس ,0
ازاي نتجنب الاصابات في التمرين   ياريت يبقي رد نموذجي وتفصيلي  ,0,لتجنب الإصابات أثناء التمرين  يجب اتباع بعض الإرشادات والتدابير الوقائية التالية 0001  التسخين  2  استخدام المعدات الواقية  3  تقدير قدراتك  4  التغذية  5  التأهيل  ي6  استشارة طبية  ,0
ماهي شروط الفيفا لتغيير منتخب اللاعب ,0,الشرط الاولاني يمثل البلد ما يكونش لعب لاي منتخب اول في اي بلد الشرط الثاني كن عايش من البلد تكون عايش في البلد من ثلاث سنوات الى خمس سنوات والافضل يكون مثل الناشئين فيها يصبح يلعب المنتخب الاول ما كنتش مثل اي منتخب اول ثاني ما اظن دي شروط الفيفا,0
السلام عليكم ما هي افضل رياضة من هذه الرياضات من حيث كل شئ و ماهي رياضة التي يمكن ان تمارس ما رياضة اخري  وجزاكم الله خيرا معلومة اضافية عمري19 1 الكاليثتنس 2 رمي القرص او كرة 3 الطائرة 4 السباحة 5 التنس 6 اسكواش 7 كرة القدم,0,لا يوجد رياضة واحدة تعتبر الأفضل بشكل عام  فكل رياضة لها فوائد مختلفة على الصحة العامة واللياقة البدنية  ومن المهم اختيار الرياضة التي تناسبك وتستطيع ممارستها بشكل منتظم ومستمر وبالنسبة لرياضة يمكن ممارستها دون الحاجة إلى رياضات أخرى  فذلك يعتمد على اهتماماتك وقدراتك البدنية  لذلك  يجب عليك تجربة عدة رياضات حتى تختار ما يناسبك وإذا كان هناك شئ يجعل رياضة معينة أفضل من غيرها  فإنه سوف يختلف من شخص لآخر حسب احتياجاته وأهدافه ولإثراء المعرفة  فإن جميع هذه الرياضات التي ذ ك ر ت لديها فوائد صحية كثيرة  بالإضافة إلى أن كل رياضة تحس  ن قوام الجسم بطرق مختلفة ,0
 أنت  لاعبة جيدة لكن تنقصك بعض اللياقة  الجملة التي تتكرر دائما  من المدربين وزملائي الاعبين    مع العلم ان وزني مثالي وابذل جهدي بالتمرين لكن التفكير بالامر يجعلني افكر بترك المجالات الرياضية كليا   ماذا أفعل ,1,رقم 1 بعض المدربين يقولون ذلك حتى تشكي أنك عندك مشكله و تشتركين معهم لذلك لا تعطي اهتمام لكلامهم وبالمناسبة مفهوم الحياه الصحيه ليس بالصور ولكن بنظام أ ل صحي والرياضه أما الصور والمثاليه هذه لاتخدعك هذه أكبر خدعه في هذا المجال  وبالمناسبة أنا مدربة رياضيه اذا أردتي أن تسأليني عن شيئ بامكانك مراسلتي أحب المساعده ,1
أيهما أفضل للجسم  المشي لمدة ساعة أو ممارسة الكارديو في المنزل ,1,اعتقد المشي افضل شي لان اذا مارست الكارديو دائما بدون تمارين المقاومه ممكن يسبب ترهل بالجسم,1
طريق عمل فيديو تمارين كمال الأجسام و مقاطع فيديو وصورة تجريب للرسوم المتحركة للياقة البدنية ثلاثية الأبعاد  ,0,لإنشاء فيديو تمرين كمال الأجسام مع مقاطع فيديو وصورة تجريب للرسوم المتحركة ثلاثية الأبعاد  يمكنك الاستفادة من بعض الأدوات التالية ,0
لدي فكره عن كرة القدم ولكن اريد ان انشئ محتوى عنها فكيف اصنع محتوى عن كرة القدم مميز اريد ملاحضات   ,0,كره عن كرة القدم ولكن اريد ان انشئ محتوى عنها فكيف اصنع محتوى عن كرة القدم مميز اريد ملاحضات   لتصنيع محتوى عن كرة القدم المميز  يمكنك البدء بتحديد الأهداف التي تريد الوصول إليها من خلال المحتوى  بعد ذلك  يمكنك استخدام البحث للبحث عن المصادر المفيدة التي تساعدك في تحقيق هذه الأهداف  يمكنك أيض ا الاعتماد على المصادر الموجودة في الشبكة العالمية التي تتضمن مواقع التواصل الاجتماعي والمواقع التي تقدم الخبرات  بما في ذلك المواقع التي تخص الكرة القدم بعد ذلك  يمكنك استخدام الأدوات التي توفرها الدليل الإحصائي للتأكد من أن المحتوى الذي تنشأه يحتوي على معلومات محدثة ودقيقة بناء  على أحدث الأخبار والأ,0
هل تجوز ممارسة يوغا الاسترخاء  ,0,وز ممارسة يوغا الاسترخاء  يمكنك ممارسة يوغا الاسترخاء للحصول على الاسترخاء الكامل للجسم  والتحقق من أن جسمك يشعر براحة ويسترخي  يوغا الاسترخاء يعتبر أحد التقنيات الأساسية للتخلص من الإجهاد والإضطرابات النفسية  والحصول على نوع من الاسترخاء الذي يؤدي إلى تحسين الحياة والصحة النفسية ومشاكل النوم ,0
كيف تعمل جدول تمارين منزلي خاص فيك وكيف اختار التمارين المناسبة ومن اين احصل عليها ,0,هذه سلسلة من التمارين اليومية المنزلية خاصة بي وهناك عدة تمارين أخرى منزلية يمكنك الاطلاع عليها تمارين منزلية,0
ليس لدي وقت لممارسة الرياضة   فأنا أعمل من الساعة 8 صباح ا حتى الساعة 5 مساء   أتناول غدائي في الساعة 05 30 مساء    ولا يمكنني ممارسة الرياضة في المساء لأنه يزعج نومي  هل يكفي أن أمارس الرياضة في عطلة نهاية الأسبوع ,0,طيب ابغ انضمه في اي نادي,0
ما هو سبب تراجع مستوى كريستيانو رونالدو بشكل كبير بعدما كان اسطورة كرة قدم ,1,م ن قال انه تراجع   ,1
كيف يمكنني مشاهدة المباريات بث مباشر يلا شوت كورة لايف كورة اون لاين ,0,yes,1
من الافضل في تاريخ كرة القدم   ,1,ليو      ,1
هل ستتابع كأس العام للأندية  ,0,بكل تأكيد لاني انا متابع جيد جدا لكره القدم فكيف لا وأيضا أن ريال مدريد مشترك في هذه البطوله,1
هل مشاهده كرة القدم ضياع الوقت  ,0,Nah,1
متي بدأ كاس السوبر الاسباني   ,0,Idk,1
ما هو أفضل جدول تمارين لتكبير العضلات دون تغيير في وزن الجسم ,0,لايوجد شيء اسمه أفضل جدول تمارين لتكبير العضلات و التغيير في وزن الجسم يحدث طبيعي سواء زدت عضل أم دهون,1
من هم اللاعبين الذين تفضلهم فى التاريخ  ,0,ميسي  فرانك لامبارد,0
في أي عام حصل نادي برشلونة لكرة القدم على بطولة الدوري الإسباني لأول مرة في تاريخه ,0,اول لقب لنادي برشلونة في الدوري الاسباني حيث استطاع النادي بفضل بعض لاعبي الفريق أمثال جوسيب ساميتيير وفرانز بلاتكو وزامورا وغيرهم  تحقيق  النجاح والتميز في الأداء لهذا الفريق  إذ استطاعوا الفوز بأول بطولة للدوري الاسباني   وكان ذلك عام 1929هذا جوسيب ساميتييرحصل برشلونة على لقب الليجا في 26 مناسبة  آخرها عام 2019  بينما احتل المركز الثاني  الوصافة  في 25 مناسبة  آخرها عام 2017 عندما ظفر ريال مدريد بالمسابقة في آخر جولة  بفارق نقطة وحيدة عن البارسا ,0
ما هى البلد ذات أكبر معدل صحه في العالم  ,0,نيجيريا كما اتوقع,0
ما هى فوائد واضرار استبدال الدجاج واللحم بالبروتين النباتي  ,0,خمسة حسبما أذكر١  البروتين النباتي لا يمتصه الجسم بالكامل لذا عليك تناول كميات أكبر للوصول لاكتفائك اليومي٢  قد يؤخر أو يمنع امتصاص بعض المعادن في جسمك٣  البروتين النباتي لا يحوي كل الاحماض الأمينية  فيعاني جسمك من نقص في أحماض ميثونين  ليسين و تربتوفان بالاخص  اذا التمثيل البروتيني في جسمك protein synthesis لا يكون كاملا و قد تحتاج لمكملات   باستثناء سبيرولينا ٤  مصادر البروتين الحيواني كاللحوم تحوي ايضا عناصر غذائية اخرى لا تتواجد في البروتين النباتي كالكارنيتين والكرياتين و التاورين و بالأخص فيتامين ب ١٢   كوبالامين  و هو فيتامين الطاقة و نقصه يسبب فقر الدم و العمي  ينصح بشدة تناوله كمكملات للنباتيين٥  محتوى البروتين في النبات اضعف بكثير من اللحوم  لذا عليك تناول كميات كبيرة جدا من الطعام لتصل لحاجتك اليوميةاضيف  احد اهم مصادر البروتين النباتي هو فول الصويا  و هذا يزيد نسب الاستروجين لذا لا انصح به للرجال  افضل منه بروتين البازلاء pea proteinاخيرا   الطعم     طعم الستيك اللذيذ medium rare لا يعوضه اي نباتالفوائد ليست كثيرة ١  التحكم بمستويات الكوليسترول٢  تقليل كمية الدهون في الطعام٣  مصادر البروتين النباتي غنية جدا بالمعادن و الألياف,0
السلام عليكم   كيف يمكنني الانضمام لنادي كرة قدم بمصر مع العلم ان عمري 18 سنه ومستوايا فوق المتوسط ولم التحق بأكادمية او نادي من قبل ,0,أنا لا أحبطك أو أقف في حلملكولكن أريد أن أسألك سؤالحينما تقف أمام الله ويسألك عن شبابك فماذا سيكون جوابك,0
رسميا    لاعب كرة القدم الأشهر ينضم للنصر السعودي في صفقة هي الاغلي للاعب كرة قدم    في رأيك هل هي صفقة موفقة للاعب والنادي والكرة السعودية عموما   ,0,في البداية أشكرك على طلب الإجابة على سؤالك  بالنسبة لصفقة انتقال لاعب أندية سبورتينج لشبونة البرتغالي ومانشستر يونايتد الانجليزي و ريال مدريد الإسباني و اليوفنتوس الإيطالي البرتغالي كريستيانو رونالدو إلى نادي النصر السعودي في صفقة مفاجئة لم تخطر على بال أحد من قبل   أحلام نومة العصر كما يقال في مصر    حيث أعلن نادي النصر السعودي  مساء الجمعة عن توقيع عقد احترافي مع البرتغالي كريستيانو رونالدو يمتد حتى صيف 2025  تحدث الكثير عن من هو المستفيد من هذه الصفقة  في الواقع كل الأطراف المعنية ستستفيد من الصفقة بشكل أو بآخر  لكن المستفيد الأكبر وهو نادي العالمي وهو لقب نادي النصر السعودي بشكل خاص والكرةفي البداية أشكرك على طلب الإجابة على سؤالك  بالنسبة لصفقة انتقال لاعب أندية سبورتينج لشبونة البرتغالي ومانشستر يونايتد الانجليزي و ريال مدريد الإسباني و اليوفنتوس الإيطالي البرتغالي كريستيانو رونالدو إلى نادي النصر السعودي في صفقة مفاجئة لم تخطر على بال أحد من قبل   أحلام نومة العصر كما يقال في مصر    حيث أعلن نادي النصر السعودي  مساء الجمعة عن توقيع عقد احترافي مع البرتغالي كريستيانو رونالدو يمتد حتى صيف 2025  تحدث الكثير عن من هو المستفيد من هذه الصفقة  في الواقع كل الأطراف المعنية ستستفيد من الصفقة بشكل أو بآخر  لكن المستفيد الأكبر وهو نادي العالمي وهو لقب نادي النصر السعودي بشكل خاص والكرة السعودية بشكل عام  فالبداية كانت بعد الإعلان عن الصفقة  حيث وصل متابعين صفحة نادي النصر السعودي على تطبيق الانستجرام لوحده لحين كتابة الإجابة نحو 4 ملاين ونصف متابع بعد أن كانت 80 ألف فقط  ناهيك عن الأرباح المتوقعة التي سيجنيها النادي من حيث الشهرة وعوائد مبيعات القميص الأصفر والأزرق الذي يحمل اسم كريستيانو  غير قيم الرعاية مقابل الإعلان على قمصان النادي أيض ا  فلنأخذ ماحدث مع ارتفاع عوائد مبيعات قمصان الأندية العالمية مثل ناديي مانشستر يونايتد الانجليزي بعد التوقيع مع النجم كريستيانو رونالدو و باريس سان جيرمان الفرنسي بعد توقيعه مع النجم الأرجنتيني ليونيل ميسي  وارتفعت مبيعات مانشستر يونايتد الإنجليزي  بعد إعادته نجمهالسابق كريستيانو رونالدو  ولتوضيح مدى أهمية عوائد بيع قمصان اللاعبين  فلنأخذ النجمين كريستيانو رونالدو وليونيل ميسي  مثالا  على ما يمكن تحقيقه من عائد اقتصادي مقابل بيع قمصان اللاعبين  إذ بمجرد توقيع رونالدو على عقد العودة إلى مانشستر يونايتد من يوفنتوس في الصيف الماضي  وتوقيع ميسي مجانا  لباريس سان جيرمان  تم طرح قميصي اللاعبين للبيع في متاجر الناديين  وأحدثا تأثيرا  اقتصاديا  كبيرا  في مداخيل الناديين  التي وصفت بأنها تاريخية فبعد الإعلان عن ارتداء رونالدو قميصه السابق رقم 7 مع الشياطين الحمر  حققت مبيعات قمصان النجم البرتغالي حوالي 187 1 مليون جنيه إسترليني  مقابل 103 8 مليون جنيه إسترليني عائد بيع قمصان الأرجنتيني ميسي مع نادي باريس سان جيرمان  وذلك بعد 8 أيام فقط من توقيع النجمين عقديهما مع الناديين  وحسب ما نشرته صحيفة عكاظ السعودية  فلقد نفذت أول دفعة من القمصان الخاصة باللاعب كريستيانو رونالدو في نادي النصر   وقيمه القميص 120 ريال سعودي و حيث تم بيع مليونا قميص في 48 ساعه فقط وبقيمة وصلت ل 240 مليون ريال سعودي أي ما يعادل 63 مليون دولار   أما بالنسبة للاعب كريستيانو رونالدو فهناك شيئين سيحدث بعد هذا الانتقال  فمن الناحية المالية وبراتب يصل إلى 200 مليون دولار أصبح كريستيانو في ع مر الـ37 يصبح الرياضي الأعلى أجر ا في العام الجديد  حسب مجلة  فوربس  Forbes   الأمريكية  أما الشيء الآخر أو الوجه السيء بالنسبة لرونالدو في هذا الانتقال فإن كريستيانو اغلق صفحة من الانجازات الكبيرة حيث إن صاحب الكرة الذهبية خمس مرات  مهدد بفقد الكثير من الأرقام القياسية على سبيل المثال لا الحصر  فإن لقب الهداف التاريخي لبطولة دوري أبطال أوروبا برصيد 140 هدف  حيث إن هذا المركز مهدد بخسارته لصالح اللاعب الأرجنتيني ليونيل ميسي برصيد 129 هدف وهو مازال نشط في بطولة دوري أبطال أوروبا مع نادي باريس سان جيرمان   وهذا رأي البسيط عن هذا الانتقال الخيالي والغير متوقع  وسنرى ماذا سيحدث مستقب لا  ,0
لماذا المنتخب الإنجليزي لكرة القدم دائما يفشل  ,0,لسببين  أولهما   لأن القيمة التسويقية للاعبيهم أكثر تضخيما    بالله عليك ستيرلينغ أزيد من 100    في حين أن قيمتهم الحقيقية أقل بكثير  ثانيا   إعطاء الأهمية الكبرى لأسماء اللاعبين وشراء النجوم   و اغفال أهمية المدرب و الخطط التكتيكية  و خير برهان هو المنتخب الأرجنتيني   منتخب غير مدجج بالنجوم   بل تم تصنيف بعض اللاعبين من الدرجة الثالثة   و مع ذلك حصد الأخضر و اليابس  فمشكلة المنتخب الإنجليزي يلعب بدون خطة   ان عمل على تحسين هذه النقطة سيكون كالمنتخب الفرنسي  ,1
عمري 22 سنة و حلمي أن أصبح لاعب كرة قدم محترف  لم يسبق لي أن لعبت مع نادي لكنني أتدرب وحدي  هل لازالت لدي فرصة لتحقيق حلمي  و إذا ماذا يجب علي أن أفعل و أتمنى أن تقترحو علي دورة تكوينية أو وكيل بإمكانه مساعدتي  شكرا مسبقا ,1,طبعا يمكنك اذا عملت بجدحاول بان تنضم الى فريق في البداية وأر هم مهاراتك,0
كم يجب ان اتمرن في الاسبوع من يوم ومدة التمرين لإنقاص الوزن ,0,لقد أجبت عن هذا السؤال لأكثر من مرة وإن عملت جولة في بروفايلي ستجد ردود مفصلة ومدققة لهذا الغرض ولكن لابأس سأعيد الإجابة في سطور ولعله خيرالرياضة من دون حمية لن توصلك إلى هدفك يجب أن تأخذ حمية مناسبة لهذا الغرض أولا  ثانيالقد أجبت عن هذا السؤال لأكثر من مرة وإن عملت جولة في بروفايلي ستجد ردود مفصلة ومدققة لهذا الغرض ولكن لابأس سأعيد الإجابة في سطور ولعله خيرالرياضة من دون حمية لن توصلك إلى هدفك يجب أن تأخذ حمية مناسبة لهذا الغرض أولا  ثانيا ثالثابعد حذفك لوجبة الفطور إستمر على صيامك المتقطع أو صيام الماء إلى غاية وجبة الغذاء بحيث يجب أن تكون قد قضيت 16 ساعة بدون أكل من عشاء البارحة إلى غذاء اليوم   رابعاثم تناول غذاءك بعد الحصة وبعده قيلولة خفيفة يكن جسمك قد عاد إلى طبيعته ثم خذ حماما بعد ذالك لإزالة العرق لايستحب أن تأخذ الحمام بعد الرياضة مباشرة ففي ذالك سلبيات على الصحة تظهر بعد مدة من جملتها أمراض ضيق التنفس يستحسن ان تكتفي بعد الحصة بتبليل منشفة بماء ساخن وامسح بها عرقك وأخر الإستحمام ماأمكن ويمكن أخذه ليلا فهو يفيد في إزالة الأرق للنوم بشكل أفضل   خامساوفقكم الرحمن لما يحبه ويرضاه ,0
أناعمري21سنة و مقيم بفرنسا أريد أن أحتراف كرة القدم فأنا لاعب جيده ولاأعرف متى تبدأ الاختبارات وهل يمكنني العمل ولاعب كرة القدم ,0,فرنسا هي الدولة الوحيدة في العالم الذي تستقبل لاعبين ما عليك هي البحت عن أكاديميات التدريب وأن تسأل عن كيفية التسجيل وعن جميع الأسئلة الذي سوف تطرحها عليهم بالنسبة للعمل  ولكن في الأول سوف تخضع إلى إختبار  تدرب على تمارين اللياقة البدنية والكارديو وتمارين الإطالة العضليةتمرن على الجري لمدة ساعة في اليوم لكي تقوم برفع المستوى البدني لجسمك  في حالة الإرهاق يوم واحد راحةتمرن في صالة كمال الأجسام مرتين في الأسبوع,0
كيف بدأت في ممارسة الرياضة وكيف جعلتها جزء من حياتك ,0,ستمارس الرياضة إن كنت تحب حياتك  و إن كنت تكره زيارة الأطباء  أجسامنا لم تصمم للجلوس و الكسل بل للحركة و السعي لذا يتفاعل الجسم مع وظائفه الداخلية عكسا مع قلة الحركة  ماذا يحصل عند قلة الحركة  ١  تنخفض وظائف الدماغ لبطء الدورة الدموية فتقل تغذيته و الأكسجين اللازم لترويته ٢  تبدأ الغضاريف و المفاصل بالتآكل لقلة الاستعمال ٣  تبدأ آفة الكبد الدهني فتعيق عمله في تنقية السموم و استقلاب الطعام ٤  ضغط القلب و الشرايين بسبب الترسبات على جدران الأوعية ٥  تخسر حجم عضلي و هذا بدوره يتسبب في تخزين دهون أكثر ٦  تزيد مستويات الإنسولين في الدم لعدم استعمال الغلوكوز فتبدأ مقاومة الخلايا له و يؤدي لمرض السكري ٧  تبدأ صعوبات التنفس لضعف دورة الاكسجين في الدم و خسارة وزن العضلات التي تدعم الجهاز التنفسي ٨  ضعف القدرة الجنسية و الرغبة  لتباطؤ تحرير الهرمونات الجنسية و تراكم الدهون ٩  الإحساس بالكآبة فقلة الحركة تزيد افرازات الكورتيزول ١٠  زيادة احتمالات الاصابة بجلطات و ضعف المناعة في الجسم ١١  ضعف الثقة بالنفس و متلازمة شكل الجسم ديسمورفيا تؤدي للانعزال الاجتماعي,0
هل استطيع اللعب كرة القدم وعمري 25عام ,0,تستطيع أن تلعب كرة القدم في هذا العمر ولكن الإحتراف سوف يكون صعب نضرا اكبر السن ولكن إذا كنت مهتم يجب عليك أن تبدأ وتكوم لك عزيمة قوية لكي ننجح في مسارك الكروي,0
انا عمري 15 ابحث منذ فتره علي نادي كره قدم في مصر في الدرجة الأولى وجاءت امامي الفرصة اللعب في دوري القسم الثالث ولكن أشعر أن هذا لن يفيدني في تحقيق حلمي وهو الاحتراف في الخارج ما رأيكم  ,0,اهلا وسهلا بحضرتكبما انك تبحث عليه منذ فترةطويله واتيحت لك الفرصة فلماذا لا تجرب اللعب واصل في اللعب حتى تصبح محترفوثم افعل ماتريدهذا رأيواكيد القرار قراركان كنت تريد ان تكمل في مصر او في الخارج,0
كيف يمكنني أن اتواصل مع النوادي الاوربيه وهل امتلك فرصه ان اصبح لاعب كرة قدم وانا بعمر ال 13   اريد ان اتواصل مع النوادي لكي ارسل لهم فيديوهات ومهارات انا اعرفها فم  رأيك بهذا    هل امتلك فرصه  ,0,إليك بعض الخطوات التي يمكنك اتباعها للتواصل مع أندية كرة القدم في أوروبا وتقديم موهبتك  البحث عن المعلومات  ابحث عن أندية كرة القدم في الدوريات الأوروبية المختلفة التي تهمك  قم بتحديد الأندية التي تتوافق مع مستواك واهتماماتك  جمع مقاطع الفيديو  قم بتجميع مقاطع فيديو لمهاراتك ومبارياتك السابقة  حاول اختيار المقاطع التي تبرز فيها موهبتك ومهاراتك الفردية  كتابة رسالة تقديم  قم بكتابة رسالة تقديم توضح فيها معلوماتك الشخصية  مستواك الرياضي  والأندية التي تهتم بالانضمام إليها  ضع في الاعتبار أن تكون الرسالة مختصرة وموجزة وتبرز موهبتك ودافعك للانضمام للنادي  الاتصال الإلكتروني  استخدم وسائل الاتصال الإلكتروني للتواصل مع الأندية  يمكنك إرسال رسالة البريد الإلكتروني إلى قسم التوظيف أو إلى المسؤولين عن الشباب في النادي  قد تجد معلومات الاتصال على مواقع الويب الرسمية للأندية أو عبر وسائل التواصل الاجتماعي الخاصة بهم ,0
أنا طالب جامعي سنة ثانية  عمري 20 سنة وحلمي هو أن أصبح لاعب كرة قدم محترف  لحد الآن لم أحقق شيئا  من ذلك إم ا بسبب الدراسة وضغط الوالدين وإم ا بسبب عدم توفر نادي أو فريق يهتم بي ويعطيني فرصة حقيقية  فهل من نصيحة أو أي شيء معنوي تستطيع مساعدتي به ,0,انا مدرب كرة قدم وانصحك بالتركيز على دراستك لانه ببساطة كرة القدم لازم تبدا تدرب من عمر صغير ع الاقل ١٢ سنة لكي يتم تكوينك على اسس صحيحه فنيا وبدنيا وتكتيكيا و ذهنيا في عمر العشرين خلاص اللاعب جاهز ع كافة المستويات للعب في الفريق الاول وهنا تبدا مرحلة البحث عن الاهداف وجني ثمار العمل في الصغر,0
هل يكفي السير لمسافة 20 كم في عطلات نهاية الأسبوع للحفاظ على لياقتي  خاصة  أنني أعمل من الاثنين إلى الجمعة وليس لدي وقت لممارسة الرياضة ,0,رياضة المشي لها فوائد كبيرة لجسم الإنسان كحرق الدهون وتخفيف الوزن ولكن الرياضة كلها لا يجب أن تتخطى الحدود فتعود على صاحبها بالسيء,0
مرحبا هل من متجر على الأنترنت يبيع ملصقات خاصة بلاعبين كرة القدم   لقد اشتريت ملصق رائع للاعب ميسي لكن مشكلة هذا المتجر انه لا يوفر جميع اللاعبين   هذا هو       ,0,هناك عدة متاجر إلكترونية تبيع الملصقات الخاصة باللاعبين ما عليك سوى أن تقوم بطلب وهم يرسلون لكموقع علي إيكسبريسموقع علي بابا,0
متى بدأت تشجيع فريقك المفضل في كرة القدم ,0,2002,1
ما رأيك في مستوى حكم مباراة الأرجنتين وهولندا في ربع نهائي مونديال قطر 2022 ,0,حكيم ضعيف وله أخطاء كتيرة في المباريات,1
أتناول القهوة بشكل منتظم ويومي بمعدل فنجانين في اليوم  هل ينبغي علي أن أستبدل القهوة بمشروب آخر إذا كنت أمارس الرياضة يوميا  ,0,القهوه السوداء بدون حليب ينصح بها الأطباء تناولها قبل الرياضة لما فيها من فاءدة للجسم,1
هل تتوقع أن يتخطى منتخب المغرب المنتخب البرتغالي في دور ال 8 من مونديال قطر 2022 ,0,تم  ,0
ما هي الطريقة الصحيحة للجري بالنسبة لمدخن عمره 20 سنة وأقلع حديثا  عن التدخين  كم عدد المرات المناسب في الأسبوع ومدة الجري ونسق الجري  وما أفضل وقت للجري والمسافة اللازمة  وبعد كل كم يوم يمكنه زيادة النسق  وما وصفة الأكل قبل وبعد فترة الجري ,0,هي الارادة والعزيمة علي الاقلاع وممارسة الرياضة بصفة مستمرة,0
من تتوقع أن يصل للمربع الذهبي في مونديال كأس العالم 2022 بقطر ,0,اعتقد انه لا يمكن تحديد من سيفوز بالمربع الذهبى  لان  لحد اخر ثانيه لم يتم تحديد من سيفوز 16 8 لذلك لا يمكن تحديد من سيفوز بالمربع الذهبى  الا فى اخر ثانيه  لان متعة الكوره انها مباشرة  لحد اخر لحظه لم يتم تحديد الغالب من المغلوب,1
أزن 99 كيلوغراما   و 174 سم  هل انا في خطر ,1,جرب كودي في اي هيرب الله يحرم وجهك على الناروفي منتجات تخسيس حلوووه,1
بعد فوز منتخب السعودية على منتخب الأرجنتين والأداء القتالي والروح العالية التي أظهرها صقور الأخضر السعودي  هل تتوقع أن تصل السعودية إلى أبعد من الدور الأول في مونديال قطر 2022 ,0,من الممكن,1
ما رأيك في التعديلات الجديدة على قوانين كرة القدم واستخدام التكنولوجيا في احتساب التسلل وطريقة احتساب الوقت بدل الضائع في مباريات كأس العالم 2022 بقطر ,0,اى شيئ يتم تطبيقة لتحقيق العدل أنا مؤيد له وبشدة   وضد مقولة   الأخطاء متعة من متع كرة القدم   هذه المقولة من أطلقها لا يحب العدل و من يرددها لن يقبل العدل و الأنصاف  ,1
هل ستنجح قطر في تنظيم أفضل بطولة لكأس العالم بعد الافتتاح المبهر والإمكانيات الكبيرة المتوفرة والمبالغ الضخمة التي صرفت على المونديال ,0,طبعا تستطيع,1
هل يمكنني إنقاص الوزن بالمشي 45 دقيقة في اليوم  أقصد المشي السريع مع تغذية متوازنة ,0, 30 دقيقة كافية على الساعة 12H00 ظهرايستوجب عليك فعل مايلي01 تبكير وجبة العشاء ولاتنم إلا بعد ساعتين02 أترك عنك وجبة الفطور قد تسمع كثيرا أن الفطور صحي وبلسان بعض الاطباء لكن هذه المعلومة خاطئة مادام الفطور فيه الكثير من السكريات والخبز  لكن مادام الأمر يتعلق بإنقاص الوزن فإزالة الفطور شيء إجباري03 الصيام المتقطع لمدة 16 ساعة مع شرب الماء في أي وقت أمكن انطلاقا من وجبة عشاء أمس إلى وجبة غذاء اليوم04 إبتعد تماما عن السكروز أي سكر المائدة أي السكر المصنع أو إن شئت سميه السم القاتل فهو سبب كل المشاكل الصحية ولانقصد بذالك السكر النباتي الذي خلقه الله فيما انبته من الأرض فما خلق الرحمن ينفع البشر وماصنعه الإنسان بيده يضر البشر وتذكر دائما قول ربك سبحانه 05 أترك عنك الوجبة الزوالية واكتفي بوجبتين غنيتين بالبروتينات و بمايلزمك من السعرات الحرارية في اليوم  06 أترك عنك الأكل العاطفي والأكل بدون وقت07 لاتكثر من أكل الخبز خذ ربع أو أقل من قرص الخبز يكفيك مع كل وجبة وإن كان لابد منه فاشويه في النار  إذا كنت موظف وتستغرق وقتا طويلا في العمل وتخاف ع نفسك من الجوع يمكنني ان أزودك ببرنامج فيل غريت في رابط أسفله مع فيديوهات شرح و الذي سيساعدك حتما على الصيام المتقطع وتزويدك بالطاقة اللازمة ويشعرك بالشبع وتحقيق هدفك من دون الإحساس بالجوع  إنها مكملات بيو من شركة يونيسيتي الأمريكية أي لاتحتوي على مواد كيماوية مصنعة ولديها فروع في معظم الدول العربية ومنهم المغرب والجزائر وعمان والبحرين والسعودية ومصر وغيرهم وقد جاءت بعلم جينومسوتيكلز وهو علم تشبيب وتصغير الخلية  كل منتجات يونيسيتي مرفوقة على موسوعة ال PDR للمنتجات البيو  لاقتناء برنامج feelgreat من مركز يونيسيتي مباشرة إضغط الرابط أسفلهhttps   unicity link 972af01d2cشهادات عربية غلى هذا الفيديو,1
لدي سؤال فضولي كم هية تكلفة الاجماليه لحضور نهائي كأس العالم في قطر  شاملة الاقامه في فندق عادي و تذكره لحضور جميع المباريات ,0,اعتقد انها ليست تكلفه انما هى تذكره مجانيه بس بشرط تكون داخل قطر مشجع لجميع الدول,1
هل يمكنني الجري وأنا بوزن 98 كيلو جرام ,0,نعم,1
هل أربح من اليوتيوب عند نشر ملخص مباريات كأس العالم أم تربح الشركة الراعية أرباحي  وكيف يمكن إيجاد الحل ,0,السلام عليكم أخي لن تربح شيئا ما دمت لن تعدل على الفيديو وتزيل حقوق الطبع والنشر وهذا صعب جدا لأن سياسة اليوتوب لا تقبل بذالك وقد تغلق قناتك,0
ما هو الشيء الذي يجعلك تحب كرة القدم ,0,ممارستها  فأنا أحب كرة القدم لأني امارسها واستمتع كثيرا  عندما امارسها فهي تخلصك من الطاقة السلبية وتنشط الذاكرة والنقطة الأهم هي صحة للجسم ,1
ما هي فائدة نصف الدائرة التي تكون بعد خط ال 18 في ملعب كرة القدم ,0,كل رسم داخل ملعب كرة القدم له دلالات وفوائد بالنسبة للقوانين الرياضية فهذا القوس فائدة هو بقاء جميع اللاعبين خارجه بإستثناء المنفذ لضربة الجزاء حتى يكونوا على ب عد 9 14 م من الكرة ,0
ما توقعاتك لنتيجة المبارة النهائية بين المغرب والجزائر على كأس العرب 2022 اليوم ,0,1 0 الجزائر يارب,0
من هو الفريق الأوروبي الذي تراه مناسبا  لحمل لقب دوري أبطال أوروبا لعام 2022 2023 ,0,من شستر ستي الأكثر فاعلية و عقلية الفوز,1
ما هو أسهل مركز في كرة القدم ,0,حارس مرمى  طبعا,1
عمري تجاوز ال19 سنة وأنا أحب لعب كرة القدم جدا  وكنت ألعبها في صغري بالحارات ولم ألعبها منذ مدة ولا في نادي حتى  ولكن لدي  رغبة وشعور أني أستطيع أن أصبح لاعب كرة قدم  هل هذه مجرد أحلام يقظة أم أنه شيء ممكن حقا  وعلي  السعي وراءه بجانب تفوقي الجامعي ,0,إبدأ ومارس كرة القدم مادمت تحبها ستنجح وتصل يوما  الي هدفكولكن لا تجعل ذلك يؤثر علي مستقبلك العلمي  ,0
ابني ذو الست سنوات لا يحب ممارسة كرة القدم  هل من حلول كي أحببها له ,0,ده طبيعي لان كل شخص يختلف عن الاخر في صفاته وفي ميوله وهوياته   نصيحة    ابحث معه عن ما يجد نفسه فيه ولا تفرض عليه شئ  ,1
أنا من محبي كرة القدم وألعبها أيضا  لكن مشكلتي أني أريد أن أصبح لاعب محترف ولتحقيق حلمي هناك عوائق أولها الدراسة وثانيها قلة الأكاديميات والفرق في مدينتي  هل يمكنني أن أصبح لاعب في سن 20 عام أو أكثر بقليل ,0,ياعزيزي خذ نصيحة مجرب ولا تسأل طبيب كرة القدم هي مستقبلك هي كل شئ في حياتك إذا موهبة فعلا  و قادر علي إحداث الفرق في مباريات وان تبرز نفسك في ملعب و تكون لاعب لك مكانه كبيره في فريق و تقدم مستوي ممتاز أكيد رح تجيك العروض و تحترف علي سبيل لنقل أنك محترف في الوظن العربي في شمال إفريقيا في تونس أو جزائر إذا إنتقلت إلي نادي 250 000  دولار علي أقل تقدير بيكون مكسب لك 125 000 بشكل مضمون بينما وظيفتك المملة بعد تدرس وتتعب رح تعطيك راتب قليل يأخي لو يرجع بي زمن للوراء والله العلي العظيم رح أدخل نادي ومارح أفكر عزيزي تحياتي لك بالتوفيق,0
ما هي الرياضة المتكاملة  عمري 19 عام كنت متوقف عن الرياضة لمدة شهور قليلة وأريد العودة  كنت ألعب سابقا  كرة القدم وقبل ذلك بسنين الإسكواش ومنذ صغري كنت أمارس السباحة  فما هي أفضل وأكثر رياضة متكاملة ,0,كرة القدم أفضل واكثر رياضه متكامله أن أتقنتعا وتستمر,1
أنا شاب عمري 19 وأعشق كرة القدم وأعيش في تركيا  لدي طموح كبير ولكني منذ 6 أشهر بدأت التدريب  هل يمكنني الوصول لطموحي أم فاتني القطار لأني لم أبدأ بها منذ الصغر  الكثير من الناس يحطموني ولكن لا يأثر بي  أريد نصيحة مجرب ومدرب ذو خبرة ,1,مافاتك شي انضبط واستمر ولاتستسلم جاء في بالي لاعب ميلان البرازيلي لميسياس احترف كرة القدم وعمره ٢٩ والموسم اللي فات حقق الدوري فيه امل,0
ما حظوظ الدون للانتقال الى نادي البايرن حسب ما تتناقله بعض الصحف   ام ان الدون سيختار البقاء في الشياطين الحمر ,0,بايرن ميونيخ نفى علنا  على لسان عدة إداريين أنه لانية لهم في التوقيع مع كريستيانو رونالدو  وعلى نفس المنوال تم نفي الأخبار التي ربطته بأندية كأتلتيكو مدريد  وريال مدريد  وتشيلسي  وباريس سان جيرمان حاليا  الأقرب هو استمراره مع مان يونايتد  وهناك إمكانية بنسبة ضعيفة أن ينتقل لدورتموند بما أنه يبحث عن اللعب في دوري الأبطال  وتجربة دوري جديد يمكنك متابعة آخر الأخبار الخاصة بسوق الانتقالات أولا بأول ومن مصادر موثوقة عبر موقع  transfermercato com,0
ماذا أفعل لو كنت من أصحاب النظارات وأحب كرة القدم جدا   لم أمارسها لمدة سنة كاملة بسبب الدراسة  سابقا  كنت ألعب بدون النظارات ولكن الآن لا أستطيع ,0,انا كنت استعمل النظارات واجريت عملية فيمتو ليزك منذ اسبوعين تقريبا   عملية سهلةو منذ اول يوم عملية استطعت الرؤية بوضوح   والحمدلله اخيرا خلصت من النظارات المزعجة   انصحك بالعملية واختر طبيب ماهر,1
عمري 20 سنة وأريد أن أتعلم كرة القدم  هل العمر سيشكل عائقا  لي  وكم من الوقت سأحتاج للتعلم ,0,العمر ليس عائق لتعلم رياضة كرة القدم سيكون عائق في حالة واحده اذا اردت الانضمام الي نادي ولعب بطولات   لان النوادي تختار عن طريق عملية الانتقاء ومن خصائص الانتقاء السن الصغير لذلك تعلم كره القدم لاتقانها وجعلها هواية سيكون خيار جيداما عن الوقت فهي مسألة فردية هناك من يتعلم بسرعه وهناك من يحتاج لوقت لكي يتعلم  وعلي حسب المدرب هناك مدربين يعلمون مهارات بسرعه وهناك ببطئفي كلتا الحالتين ستتعلم باذن اللهاتمني لك التوفيق,0
لاعبين كرة قدم محترفين و مشاهير بدأو العب في سن كبير و أصبحوا من افضل الاعبين في العالم  ,0,أعتقد أفضل مثال هو الأسطورة البرازيلية سوكراتيس الذي احترف في سن 22 عاما   واستطاع التوفيق بين كرة القدم والدراسة  حيث كان اختصاصي في طب الاطفال  وشارك مع البرازيل في المونديال مرتين ,0
كيف أجعل مدة تنفسي طويلة في كرة القدم  يعني أنني أتعب بسرعة ولا أجد الأكسجين الكافي طوال 90 دقيقة رغم أني جربت كل التمرينات لتطويل التنفس ,0,صديقي كنت تبحث عن إجابة وأعطيتك اقتراحا   عليك أن تعمل بجد   عليك أن تعمل بسرعة   إن لم يكن الآن من يوم آخر  يمكنني فقط  تقديم المشورة لك كل التوفيق,1
هل يمكن لشخص لم يمارس كرة القدم في الصغر وبدأ ممارستها بعد عمر 13 عام الاحتراف ,0,نعم ياخي كلشي ممكن في الحياة ا,1
هل تتوقع صعود نادي الزمالك إلى الدور التالي في دوري أبطال أفريقيا بعد هزيمته اليوم أمام الوداد المغربي بالثلاثة ,0,اعتقد الأمور هتكون صعبة بشكل كبير و خاصة أن فريق أتليتكو الانجولى الماتش اللى جى مع الفريق الانجولى أيضا يعنى غالبا المنافسة على المركز الثانى بين الوداد و الزمالك بنسبة ٢٠  و سوف يتكرر نفس سيناريو العام الماضى,0
لماذا تبدو بعض الفرق قليلة الحيلة وهي تلعب أمام فريق مانشستر سيتي الإنجليزي وتجد ذات الفرق قادرة على مقارعة فرق أخرى كبيرة في دوريها  فما السر في ذلك ,0,السيتى فريق كبير ومعاه أحسن مدرب في العالميلعب كرة هجومية يعتمد على الاستحواذ طول المباراة بإضافة لامتلاكه أحسن لاعبين وإنفاق غير عادى على التعاقدات فى كل المراكز,1
هل يمكن للمدرب الشخصي رفع مستواي في كرة القدم ,0,نعم هو يستطبع ان يرفع من مستواك لكن الى حد معين تستطيع اللعب مع اقرانك مثلا فالمدرب لن يجعل منك ميسى او رونالدو الا اذا كنت موهوبا بالفطرة,1
بعدما ضرب المنتخب المصري موعدا  مع المنتخب المغربي في الدور ربع النهائي من مباريات كأس الأمم الإفريقية  من تتوقع أن يفوز بين الشقيقين ويصعد للمربع الذهبي ,0,إن شاء الله مصر,0
أنا عمري 18 سنة وأحلم بأن أصبح لاعب كرة قدم  هل أستطيع تحقيق حلمي رغم سني مع العلم أنني أعاني من مرض الرهاب الاجتماعي ولم ألعب كرة القدم كثيرا  في حياتي ,0,السلام للجميع كل ما تريد أن تقرر  تقرر في أقرب وقت ممكن  الوقت ينفد  الوقت لن ينتظرك ويجب أن يكون قبل ذلك ,1
بعد خروج الجزائر من مرحلة المجموعات  لقاءات دور الستة عشر من بطولة الأمم الأفريقية  مصر تلاقي كوت ديفوار وتونس تلاقي نيجيريا في موقعتين ناريتين  المغرب تلاقي مالاوي في مباراة أسهل نسبيا   من تتوقع من المنتخبات العربية أن يكمل مشوار البطولة ,0,مصر تقابل كوت ديفوار تمامتونس تقابل نيجيريا ازاى المفروض تقابل ثانى مجموعة كوت ديفوار تقريبا غينيا الاستوائية,1
أريد أن أدرس تكتيكات كرة القدم  هل تتوافر كورسات لذلك ,0,في كورسات في موقع barca hub تابعه لبرشلونه ممكن تفيدك,1
عمري 19 سنة  هل فاتني الوقت على كرة القدم ,0,حسنا  إذا كنت لذيك موهبة وعندك قدرة بذنية للعب لابأس نصيحتي أنا 26سنة فاتني الوقت بس أكثر شيء ندمت عليه إنني مادخلت عالم كرة القدم الإحتراف و الشهرة حكاية متعة يعيشها اللاعبين كل شئ فيها ممتع أجوائها الجو مع اللاعيبة و مدربين و النادي أجواء جميلة جدا ,1
ما هي توقعاتك لنتيجة مباراة الجزائر وقطر اليوم في نصف نهائي بطولة كأس العرب  وكيف ترى سيناريو اللقاء بين الفريقين ,0,اتوقع 50 50 بين الفريقين والمقابلة ستذهب الى ركلات الترجيح,0
أنا فتاة عمري 18 عاما   أنا أشجع فريق بايرن منذ 2014 وأحب أن أحلل بعض المباريات بنفسي  فكيف أصبح محللة أو مدربة رياضية  رجاء  لا تخبرني عن المطبخ ,0,من وجهة نظرى قومى بانشاء قناة على اليوتيوب   وصفحة على الفيسبوك   وحساب على تويتر كلهم بنفس الاسم ويكون الاسم مميز  ابدأى بنشر فيديوهات على اليوتيوب وعلى الفيسبوكقومى بعمل ترويج للفيديوهات عن طريق الفيسبوكاكتبى مواعيد المباريات القادمة ونتائج المباريات الاخري والمعلومات القصيرة على تويترمع كل فيديو او بوست على الفيسبوك او تويتر ثبتى هاشتاج باسم قناتكقومى بنشر فيديوهاتك فى المجموعات المهتمة بالدورى الالمانى والمهتمه ايضا ببايرن ميونخ وايضا دورى ابطال اوروبااذا اردتى اى اجابة لا تترددى فى السؤال على مساحتنا هذا باختصار بالتوفيق,0
تم إقالة مدرب نادي برشلونة  فمن هو المدرب الجديد ,0,سيرجي بارخوان,1
أعاني من انحناء الاكتاف وتقوس الظهر  ما الحل ,0,لقد شاهدت هذا الفيديو منذ فترة  أمل ان يكون مفيد لك,0
أنا محترف رياضة التايكوندو عمري 22 سنة وطولي 188 سم ووزني 83 كجم  ماذا تنصحني أن أفعل ,0,انصحك بتعليم الاطفال هذه الرياضه والمداومه عليها وانشاء اكاديميه خاصه بك,0
أنا فتاة عمري 17 سنة وطولي 157 سم وأتمنى أن يصبح 163 167 سم  والدي 173 سم وأمي 165 سم وأخي 179 سم وأنا عندما كنت صغيرة كنت أمارس رياضة الكاراتيه والسباحة وألعاب القوى والآن أذهب إلى الجيم  لدي  تقوس خارجي في الساق  هل من الممكن زيادة طولي ,0,هذه صفات جينيه لاكن عن تجربتي الشخصيه استفيدي بفرد ضهرك زياده بحيث يكون دائما او معظم الوقت في استقامته,1
ماذا سيحدث لجسمي إذا عملت 80 ضغط  wide push up  كل يوم لمدة شهر ,0,سيكون جسمك مشدود و رياضي,1
كيف ترى أداء المنتخب المصري مع المدرب حسام البدري بعد فوزه في افتتاحية مباريات تصفيات كأس العالم 2020 في قطر على منتخب أنجولا بنتيجة 1 0 ,0,زفت,1
كيف يمكنني ممارسة الرياضة في المنزل وأحصل على نفس نتائج الصالة الرياضية ,0,صدقني التمارين بمعدات بسيطه و وزن جسمك كافي انك تبني عضلات نفس الصاله الرياضيه   مش مصدقني ادخل على يوتيوب وابحث عن رياضة الكاليستانيكسحتشوف اشي كتير خرافي,1
من هو الشاعر الذي تخطى جنون العظمة بقصيدته ,1,ألا لا يجهلن  أحد  علينافنجهل  فوق جهل  الجاهليناون ش ر ب  إن  و ر د ن ا الم اء  ص ف وا وي ش ر ب  غ ي ر ن ا ك د را  وط ينالن ا الد  ن ي ا وم ن  أم س ى ع ل ي هاون ب ط ش  ح ي ن  ن ب ط ش  ق اد ر يناب غ اة  ظ ا ل مين  و م ا ظ ل م ن او لك ن  ا س ن ب د أ  ظ ا ل مين ام لأن ا الب ر   ح ت  ى ضاق  ع ن  اوماء  الب ح ر  ن م ل ؤ ه  س ف يناإذا ب ل غ  الفطام  ل ن ا صبي  ت خ ر   ل ه  الج باب ر  ساج د ينا,1
هل يوجد كأس عالم واحد فقط ويتم نقلة للفريق الفائز كل مرة ببطولة كأس العالم  أم يتم إنتاج كأس مخصص كل أربع سنوات ويحق للفريق الفائز بالبطولة السابقة أن يظل محتفظا  بالجائزة ,0,كل اربع سنين يتم انتاج كأس مخصصة للفائزلو كان الكأس ينتقل من فائز الى فائز لما كان للبطولة معنى كانها اعارة يعطونك الكأس ثم ياخذونه,0
هل رحيل ليونيل ميسي من فريقه يعد خيانة للفريق  فقد استمر فيه لمدة 20 عاما  ,0,ميسي هو من خان برشلونة وليس العكس كما يشاع ويصدقه الآخرون  ميسي في نهاية عقده في 2020 ارسل فاكس للإدارة يطلب ترك برشلونة ولكن بارتيميو وقف في وجهه ووجه موكله والد ميسي خورخي ميسي بأن يدفعوا الشرط الجزائي اذا اراد الانتقال وترك نادي برشلونة فلم يستطع اي نادي دفع الشرط الجزائي وهو 700 0000 مليون يورو وبعدها قال ميسي انه لايريد الدخول في منازعات مع نادي حياته واستمر في عقده حتي نهايته في يونيو 2021 ولكن النيه انه يريد ترك نادي برشلونة والذهاب الي باريس سان جيرمان ونادي برشلونة يعاني من الديون بسبب جائحة كورونا والديون المثقله عليه من قبل الإدارة السابقة لم يستطيع تحمل رواتب اللاعبين حيث اقترح عليهم تخفيض الرواتب والبعض وافق والبعض الآخر لم يوافق وحتي الرابطة في الاتحاد الاسباني اقترح عليهم تخفيض الأجور والا لن يستطيعوا تسجيل عقد جديد للاعب ميسي واللاعبين الجدد التي تم التعاقد معهم مؤخرا   ميسي حاول تخفيض من راتبه 50  ولكن النادي لم يستطع وحاول النادي ان يدخل شراكة مع صندوق الإستثمار الدولي   CVC   ولكن في اللحظات الأخيرة تراجع نادي برشلونة عن الدخول وذلك ان صندوق الإستثمار يريد 10  من حقوق البث التلفزيوني للمباريات لمدة 50 عاما  وتم رفضة قطعا   ميسي لو اراد البقاء في برشلونة لعمل المستحيل بنفسه ووجد مليون حل ولكن فضل الذهاب الي باريس سان جيرمان للالتقاء باصدقاءة والذين اثروا عليه كثيرآ والراتب الذي سوف يحصل عليه وهو 37 000 مليون يورو و 15000 مليون يورو هديه لوالده وكيف لا يذهب   برشلونة نادي ولا يقف عند أي لاعب مهما كان حجمه   في يوم من الأيام سيظهر لاعب غيره كما كان رونالدينيو ساحر البرشاااا والحياة تدور,0
هل كان من المجدي إقامة أولمبياد طوكيو بعد تأجيلها عن موعدها الاصلي لمدة عام    خصوصا مع عدم السيطرة علي وباء الكورونا في العالم بالكامل   ,0,نعم بالتاكيد لأن تأخيرها أكثر من ذلك سيؤثر بالسلب على الرياضه,1
اذا كنت مهتم بكرة القدم تابع موقعنا  ,0,متميز الموقع وسأقوم بمتابعتة بإذن الله   واتمني يكون فيه تعاون بينا قريبا من خلال موقعي,1
ما هو أفضل موقع لتحميل مباريات اليورو 2020 ,0,اليك رابط افضل المواقع المشهورة والموثوقة,1
لماذا الناس مولعة بمشاهدة مباريات كرة القدم ما الممتع فيها لدرجة مشاهدتها بكافة الاعمار لمئات المباريات والمراهنة عليها والذهاب للمقاهي لمشاهدتها لم لا يستبدلون المشاهدة باللعب في الواقع علما ان كلا الامرين يستغرق نفس الوقت ملاحظة انا العبها اسبوعيا ,0,لان ما عدنا ملاعب كرة القدم ولا الدولة مهتمة بلرياضة وهم فقط شغلهم الرياضة عكسنا لان عندنا شغل مدرسة وغيرها ونتابع الفريق لي بنشجعها يعني ما نتابع كل المباريات,0
الدوري الاسباني علي احره وفي نهايته ومتبقي ثلاث جولات والصراع مشتد بين الكبار أتلتيكو مدريد ب 77 نقطة ومدريد ب 75 نقطة وبرشلونة ب 75 نقطة ايضا ومن ياتري سوف يفوز بالدوري La lugga الموجهات بين الثلاث فرق محسومة لريال مدريد بسبب تفوقه علي الفريقين ذهابا وايابا حيث فاز علي اتلتيكو بمباراة وتعادل في الأخري وفاز ذهابا وايابا علي برشلونة   كيف يحصل اتلتيكو مدريد علي اللقب   اذا فاز في جميع مبارياته المتبقية ولا ينظر لنتائج الاخرين   وريال مدريد يحتاج الفوز بجميع مبارياته وخسارة أتلتيكو او تعادله في مباراة وسوف يتوج باللقب اما برشلونة فيحتاج معجزة ومساعدة الفرق الاخري بالفوز علي اتلتيكو مدريد وريال مدريد في مباراة واحدة ويفوز بجميع مبارياته كي يحصل علي اللقب   من متابعتي للدوري الإسباني لا نجد فريق ضعيف او فريق قوي كل الفرق تستطيع الفوز علي الاخري ولكن بالتفاصيل الصغيرة ومثال علي ذلك فريق برشلونة خسر من غرناطة في الكامب نو ولو فاز بهذه المباراة لكان متصدر الدوري   اخر جولتين من الدوري سوف تلعب بتوقيت واحد في نفس اليوم حتي تكون الحظوظ متساوية للبطل والفرق الهابطة     السؤال من ياترى سوف يفوز باللقب  ,0,انا مدريدي  وطبها اتمنى فوز الريال  ولكن الريال سيخوض اصعب مباريات من بين الفرق الثلاثة  لقد تعادل مع اشبيلية  لديه مباراة مع غرناطة الذي هزم برشلونه  ثم تليها ملحمتين  الاولى مع اتلتيكو بلباو في معقلهم  سان ماميس وسيكون محظوظا لو خرج متعادلا  ثم يلعب مع فياريال الذي هو يبحث عن مقعد في دوري الابطال او الدوري الاوربي  بصراحة المشكلة ان الريال ليس هو الريال  ليس لديه هداف واصاباته كثيرة   لو كان رونالدو حاظرا لما كان هناك مشكلة  ولكن التشكيلة كلها غير مطمئنة اجد ان فوز الريال شبه مستحيل برشلونه رحلته سهلة جدا واسهل الجميع ليفانتي وسلتا فيغو وايبار  نسبة الى وضع برشلونه يستطيع ان يفوز بسهولة في هذه المباريات الثلاثة المتبقية على امل ان يتعادل اتلتيكو في احدى المباريات  اجد ان حظوظ برشلونه اكثر من الريال ومن اتلتيكو اتلتيكو نظريا الافظل حظا كونه يمتلك زمام الامور بنفسه  يستطيع الفوز اذا لعب وفاز المباريات الثلاث المتبقية بغض النظر عن نتائج الاخرينؤ ولكن مبارياته الثلاثة مع فرق متوسطة المستوى ولكنها عنيدة  اوسوسونا وسوديداد وبلد الوليد فرق ممكن ان تعمل ازعاجا لاتلتيكو وتجعله يتلكاء شخصيا اتصور ان برشلونه سيفوز  ثم اتلتيكو  ثم الريال من ناحية الحظوظ  اما التمنيات فاتمنى فوز ريال مدريد باللقب ,0
هل تعلم من هو أغنى لاعب في العالم ,0,ديفد بيكاهم,1
ما هي مسابقة السوبر الأوروبي  ولماذا الكل يتحدث عنها ,0,لقد شعر عملاقة الكرة الاوروبية من الدوريات الانجليزي والاسباني والايطالي الكبار انهم يتقاسمون الأرباح مع الفرق الصغيرة في دوري أبطال أوروبا   واعترضوا على نظام التوزيع  لأنهم يرون في أنفسهم  أنهم السبب في تلك الأرباح الضخمه   فقروا ان يكونوا بطولة لهم فقط   تضم ١٥ عشرة ناديا   وبتمويل ضخم من بنك جي بي مورجان   ,0
ما هي الإنجازات التي حققها فلورينتينو بيريز ,0,اصبح بيريز رئيس ريال مدريد الحالي حديث الساعة  قلب الطاولة على الاتحاد الأوروبي و التغير قادم  لمزيد من المعلومات اقرا ماقاله في مقابلته الأخيرة  فلورينتينو بيريز أخطر رجل على كوكب الأرض حاليا  ,0
ما رأيكم في أداء موقع beinsport life يوم أمس  وما رأيكم في أداء البث الرياضي الخاص بالمباريات عليه ,0,اعلانات مزعجة للغاية ,1
انا لاعب كرة قدم جالي رباط صليبي وغضروف وعملت العمليتين وبعدها ب 6 شهور جالي رباط صليبي تاني في نفس الرجل اعمل اية  ,0,الحمد لله ع السلامة    راحغ طبيب الطب الرياضي لتقييم حالتك,1
من هو أعظم لاعب عربي في كل العصور ,1,الى حد قبل ٥ سنوات كان اللاعب الجزائري رباح مادجر هو افضل لاعب وبدون منازعانجازاته لا يدانيها انجازات لاي لاعب عربي اخرمن الاحتراف في بورتو الى الفوز بدوري الابطال وبهدف اكثر من رائع في مرمى بايرن ميونخ وحتى على مستوى كاس العالم وغيرها في الحقيقة كانت انجازات كمية ونوعية لم يستطع اي لاعب ان يقترب منها اما الان فالصورة مختلفة ما يحققه مجموعة من اللاعبين في الدوريات الاوربية يعتبر مفخرة بكل معنى الكلمة وبالاخص محمد صلاح نجم ليفربول هذا الرجل اعتقد انه اعظم لاعب عربي لحد الان اللعب في الدوري الانكليزي ومع ليفربول والحصول على كل الالقاب الممكنه وبتميز وباحترافية وهو النجم الاول للفريق والهداف الافضل تاريخيا بالاظافة الى دوري الابطال وحزمه من الجوائز الفردية والجماعية مصحوبة بالخلق العالي والدماثة والطيبة فعلا هو الافضل لحد الان حتى تجود الملاعب بالافضل والافضل ,0
هل اللحوم ضرورية لبناء العضلات ,0,طبعا لان فيها بروتينات والروتين هو العامل الأساسي لبناء العضلات,1
هل لديك الرغبة في الكتابة الرياضية في موقع جديد www sportglobel com  ,0,هل تقصد ماهي الموضوعات و الشروط  ,0
من هم أسرع اللاعبين في العالم على الإطلاق ,0,أصبحت كرة القدم في عصرنا الحالي تعتمد على السرعة العالية والبنية القوية وهذا ما يجعل للاعبين يتميزون عن غيرهم  والجري أسرع من مدافعي الخصم ميزة رائعة يحبذها أفضل المدربين في العالم أمثال والجري أسرع من مدافعي الخصم ميزة رائعة يحبذها أفضل المدربين في العالم أمثال اليكم   ,0
ما هي مميزات وعيوب الوصول لاقصى عدد من تمرين الضغط من خلال مجموعه واحدة وزيادة هذا العدد بمقدار عدة واحدة كل يوم ,0,عدم الوصول لمستوي جيد واحتماليه الاجهاد العضلي الذي يسبب لضمور وضعف في العضلاتهناك مبدئ في التدريب يسمي بالتدرج وهو يقوم علي التدرج في الاوزان او العدات والطبيعي زياده 5  من شده الحمل  الوزن او العدد  كل اسبوعان شهر علي حسب استجابه جسمك للتمرين ومعدل استشفاءةالارتقاء في مستوي اللياقة يحتاج الي تمرين وغذاء ونومولا تتم عمليه الارتقاء في يوم وليله بل تحتاج لشهور  الجسم يأخذ وقته لاعاده بناء انسجه جديده وقوية,0
ما أنواع خطط التمرين المستخدمة في الجيم ,0,التطبيقات دي هتساعدك تعمل خطة تمرين سواء فى الجيم او البيت,0
ما ميزة لعبة الشطرنج ,0,إجابتي عليك ستكون مختلفة نوعا ما   أقرأها بتمعن و هدوءتعلملت الشطرنج منذ ثلاث سنوات وحدي   و بدأت في اللعب عبر الانترنت مع اصدقائي لانني كنت شغوف جدا عند سماعي عن تلك الل عبة المميزة التي يمارسها العباقرة و كيف يفكرون و ما الى ذالك و بدأت في اللعب فخسرت ما يقرب من خمسمائة لعبة من م ختلف اصدقائي   و استمررت غي التدرب و فهم القواعد اكثر و أكثر حتى حصلت على المركز الثاني في دورة مدرسية و بعد خبرة ليست بقليلة اقول لك أسبابي الخاصة للتعلم اللعبة و النصائح التي يجب عليك مراجعتها  ,1
من جلس على كرسي رئاسة النادي الأهلي أطول فترة ,0,على مدار تاريخه الطويل والحافل بالإنجازات والبطولات تول ى رئاسة النادي الأهلي العديد من الرموز والنجوم الذين أداروا القلعة الحمراء لسنوات طويلة ومنهم من قضى فترة قصيرة وهو ما نرصده فى التقرير التالي 1_ميتشيل إنسي عد ميتشيل أنس صاحب الجنسية الإنجليزية أول رئيس في التاريخ يتولى قياده الأهلي2_عزيز عزت باشاأول رئيس مصرى فى تاريخ الأهلي تولي القيادة في 2 أبريل 1908 إلى 9 فبراير 19163_عبد الخالق ثروت باشاهو مؤسس قانون الأهلي وتولي قياده النادي في 9 فبراير 1916 إلى 14 فبراير 1922 4_جعفر والي باشاتولي قيادة الأهلي من 14 فبراير 1924 إلي 2 فبراير 1944  وتعتبر أطول فترة رئاسة في تاريخ الأهلي 5_أحمد حسنين باشاتولي رئاسة النادي في 1 يناير 1944 حتى فبراير 1946 6_أحمد عبود باشاتولي الرئاسة من 19 فبراير 1947 إلى 19 ديسمبر 1961 7_صلاح الدين الدسوقيهو صاحب فكرة مقر الأهلي الحالي وتولي الرئاسة من 3 ديسمبر 1963 إلى 15 ديسمبر 19658_الفريق عبد المحسن كامل مرتجيتولي رئاسة الاهلي على فترتين    الأولي في 15ديسمبر 1965 حتى 13 يوليو 1967 ثم عاد لكرسي الرئاسة مرة أخري من 8 نوفمبر 1972 إلي 12 ديسمبر 19809_ إبراهيم الوكيلتولي الرئاسة في 18 يوليو 1967 وحتى 8 يوليو 197110_عبده صالح الوحشتولي رئاسة الاهلي في 16 ديسمبر 1988 إلى 6 فبراير 199211_صالح سليمتولي رئاسة الأهلي   الأولي  من 12 ديسمبر 1980 إلى 16 ديسمبر 1988  فيما كانت لفترة الثانية  من 6 فبراير 1992 إلى 6 مايو 200212_حسن حمديتولي رئاسة النادي في 6 فبراير 2002 حتى 29 مارس 201413_ محمود طاهرتولي رئاسة النادي في 29 مارس 2014 إلى 30 نوفمبر 201714_محمود الخطيبتولي رئاسة النادي من 1 ديسمبر 2017 حتى الآن ,0
كيف تكون لاعب كرة سلة جيد ,0,إذا كنت تمارس كرة السلة كلاعب في فريق اتبع النصائح التالية لكي تكون لاعب كرة سلة جيد   التدريب على المهارات الهجومية في غير أوقات التدريب مع مدرب أو بشكل فردي التدريب البدني ثلاث مرات أسبوعيا لزيادة القوة العضلية اللازمة لنجاح الاداء المهاري مشاهدة المباريات و تحليل أداء اللاعبين لزيادة الخبرة الموقفية المرتبطة بالمباريات التحدث مع المدرب للتعرف على نقاط الضعف و محاولة تحسينها من خلال التدريبات التي ذكرتها في اول عبارة و أخيرا لاعب كرة السلة يقيم بمدى فعاليته أثناء المباراة أما إذا كنت تمارسها كهاو فعليك بالتدريب على المهارات الهجومية و المشاركة في مسابقات كرة السلة 3 3,0
أواجه مشكلة في لعب كرة القدم وهي عندما يتم تمرير الكرة لي أتوتر ولا أعرف ماذا أفعل بها وفي بعض الأحيان أكون واقفا  في مكاني  ما الحل ,0,والكرة قادمة قبل أن تصلك انظر حولك لتعرف من منك قريب ومن منك بعيد لتعرف ان تتصرف بها وثق بنفسك واعرف قدر مهاراتك فقط ولا تبالغ,0
ما رأيك في مستوي الأهلي في بطولة كأس العالم للأندية  هل كان في الإمكان أفضل من تحقيقه المركز الثالث في البطولة ,0,اعتقد ان المستوي التكتيكي للنادي الاهلي في هذه البطوله كان جيدجدا و لكن علي مستوي الاداء الجمالي لم يكن كما كان متوقع وبالنظر الي مواجهة البايرن في نصف النهائي فاعتقد ان بان حصولنا علي البرونزيه هو اقصي ما يمكن تحقيقه,1
هل هناك حل واقعي لمشكلة النحافة المفرطة عند الشاب أم أنه عليه فقط تقبلها والتعايش معها  لأن  هذه المشكلة تحرمه من الكثير من الأشياء كممارسة الرياضات الجماعية كون بنيته الجسمانية لا تؤهله لذلك  واحتقار الذات وسوء التقدير من الآخرين  إلخ ,1,أخي الفاضل لقد سبق لي أن أجبت هذا السؤال بالتفصيل يكفي البحث في البروفايل الخاص لكن على كل حال سأجيبكماتعاني منه هو مرض في حد ذاته يستوجب زيارة طبيب مختص لتشخيص الأسبابوأسباب النحافة عديدة منها التالي1 فرط نشاط في الغدة الدرقية2 وجود ديدان في الامعاء3 سوء امتصاص نتيجة وجود مشاكل في المعدة مثل القرحة او الاصابة بالجرثومة الحلزونية4 سوء امتصاص نتيجة وجود حساسية الغلوتين  حساسية القمح 5 تناول سعرات حرارية فارغة ليس لها اي قيمة غذائية وعدم تناول الاغذية المركزة بالسعرات6 الاصابة بالسكري سواء النوع الاول او الثاني يؤدي الى خسارة سريعة للوزن7 وجود مشاكل نفسية مثل حالات الاكتئاب وتغيير المزاج والضغوطات النفسية تسبب عند البعض ضعف في الشهية8 القيام بمجهود حركي اكبر من معدل الطاقة التي تدخل الى الجسم9 ضعف في الشهية نتيجة شرب كميات كبيرة من القهوة والتدخين التي قد تكون أحد اهم العوامل في إصابة الرجال بالنحافة بشكل خاص10 قد تكون الاسباب جينية فالوراثة تلعب دور كبير في تحديد شكل الجسمالأهم أن تزور طبيبا مختصا لتحديد السبب الرئيسي بالضبط وبعدها بإمكاننا أن نساعدك في تنمية وتقوية عضلاتك لاشء مستحيل  ,0
لماذا المنتخبات الأوروبية دائما  تفوز بكأس العالم منذ 16 سنة وليس المنتخبات اللاتينية أو الأفريقية على الرغم من امتلاكهم القدرة على ذلك ,0,لان عندهم تخطيط وإدارة صحيحة    وليس الاعتماد علي الموهبة الفطرية فقط,1
ماذا تعرف عن تاريخ بطولة كأس العالم للأندية ,0,تاريخ إنشاء كأس العالم للأندية أعلنت الفيفا عام 1999 عن إنشاء بطولة جديدة يشارك فيها كل أبطال الاتحادات القارية لإضفاء نوع من الديمقراطية و مبدأ تكافؤ الفرص لمعرفة أقوى نادي في العالم كل سنة وهو الأمر الذي لم يكن متاحا في البطولة السابقة التي كانت تعرف فقط مشاركة بطل دوري أبطال أوروبا و بطل كأس ليبرتادوريس مما جعل الأندية أبطال الإتحادات القارية الأخرى تحتج لدى الفيفا كون لقب أحسن نادي في العالم محصورا بين اتحادين قاريين فقط  انهيار شريكة الفيفا التسويقية أ قيم كأس العالم للأندية لأول مرة في 2000 ولم تقم بين 2001 و2004 بسبب انهيار شريكة الفيفا التسويقية وت قام البطولة كل سنة منذ 2005 واستضاف كاس العالم للاندية كل من البرازيل واليابان والإمارات والمغرب وقطر ,0
ماذا تتوقع نتيجة مباراة الأهلي المصري وبايرن ميونيخ الألماني في نصف نهائي كأس العالم للأندية ,0,أتوقع فوز البايرن بنتيجة 2 1    والأهلي سيؤدي مباراه ممتازة ومشرفة,0
ما توقعاتكم لنتيجة مباراه الأهلي وبايرن ميونيخ في نصف نهائي كأس العالم للأندية 2020    ,0,فوز بايرن ميونخالاهلى المصرى وبايرن ميونخ الالمانى  موعد المباراة والقنوات الناقلة كأس العالم للاندية,0
هل يمكن لشاب بعمر 17 سنة مستواه في كرة القدم تحت المتوسط أن يصبح محترف في كرة القدم أم أنها تحتاج لممارسة منذ الصغر  وإن كان ممكن  ما الطرق والحلول لذلك ,0,صعب في هذا السن ان تمارس كرة القدم في درجة الاحتراف    الا لو كنت موهوب بدرجة كبيرة    ولكن اذا كان عندك ارادة حقيقية وعزيمة    يمكنك ان تبدأ في لعب الكرة بجدية والتمسك في أملك ان تصبح لاعبا محترفا,1
هل قرار الاستغناء عن يوفيتش كان صائب ا من طرف زيدان ,0,اعتقد ما دام زيدان لم يضعه في اولوياته و كان هذا واضح في قلة مشاركاته فافضل قرار هو اعاره اللاعب فهذا القرار في صالح الاعب حتي يلعب مباريات اكثر و يثبت انه ظلم و يثقل موهبته و اعتقد ان هذا القرار مفيد ايضا لزيدان فقد ارتاح من السؤال المعتاد لماذا لا يشارك يوفيتش و لكن يجب ان نتفق ان يوفيتش لم يحصل علي ربع فرصه حتي و انه ظلم من قبل زيدان,1
هل لعب الشطرنج موهبة فطرية أم مهارة م كتسبة ,1,الشطرنج مهارة يتم تعلمها ام الفطرة فيها الذكاء في استخدام المهارات المكتسبة ولمعرفة أصل الشطرنج وتاريخه يمكنك تتبع الرابط التالي,0
كيف يمكنني زيادة مهاراتي في لعبة الشطرنج  وهل توجد مسابقات أو منتديات على الإنترنت يمكنني الاشتراك بها ,0,طبعا يمكنك ذلك 70 بالمئة من مهارة الشطرنج نابعة من الممارسة فلو أحضرت أذكى شخص وعلمته كيف يحرك الأحجار وجعلته يلعب ضد شخص غبي قد لعب 3000 مباراة شطرنج بالتأكيد ستكون الغلبة للثاني هناك تطبيقات للعب الشطرنج على متجر غوغل ويمكنك اللعب مع اناس عبر الإنترنت ,0
هل يمكن للشطرنج أن تكون لعبة للمصابين بمرض التوحد ,0,ممكن علي حسب درجه التوحد لان في اطفال مصابين بالتوحد ذكائهم عالي ممكن تفوق الطفل العادي لو أدربوا عليها صح علي يد متخصصين هيتقونها جدا,1
هل يستحق كومان البقاء مع برشلونة بعد نهاية الموسم الحالي ,0,نعم يستحق حتى لو خسر بالتسعة والعشرة أمام باريس لعدة أسباب ,1
هل استخدام الفيتامينات المتعددة مهم ومفيد للاعب كمال الأجسام  أنا شخص رياضي وآكل جيد ا  وقد نصحني بعض الأشخاص بالفيتامينات المتعددة كدعم غذائي ,0,لمكملات الغذائية ليست للجميع وإنما لكبار السن البالغين وللأشخاص الذين سينتفعون من مكملات معينة وأن احتياجك الغذائى ينبغى تلبيته بشكل أساسى عن طريق النظام الغذائى  ومع ذلك تكون المكملات بالنسبة لبعض الأشخاص طريقة مفيدة للحصول على المواد الغذائية التى يفتقرون لهاوللإستفادة من هذه المكملات يجب الابتعاد عن كل ما يفسد فائدة هذه المكملات وتعتبر من مدمرات الصحة مثل   التدخين والوجبات السريعة ال Fast Food والمشروبات الغازية والسكريات وغيرها   إذا  يجب تعديل النظام ونمط الحياة أولا قبل أن نفكر فى أخذ هذه المكملات ولازم نعرف ونفهم حاجه مهمةوهى أن الغذاء الذى صنعه الله عز وجل ليس عاجزوهو قادر على أن يمد الإنسان بكل إحتياجاته اليومية من هذه المكملات دون أخذها من مصدر خارجىواذا ما استطاع الإنسان أن يوازن وينوع وجباته ويأخذها تبعا  لإحتياجاته وحالته الفسيولوجية وعمره ونمط حياته اليومى ونشاطه البدنى وكل شيء  وال Multi Vitamins خد بالك انه مش علاج والمالتى فيتامين بيتاخد كنوع من الوقايه أو نوع من الدعم لكن تذكر دائما الأساس هو الغذاء وتنويع مصادر الغذاء اذا كان حليب   بيض   مشتقات الحليب   لحوم حمراء   اسماك  ولو حابب تستفيد بأكبر استفادة من الكملات لازم تعرف ازاى بتتاخد وايه الحاجات اللى لو اتاخدت مع المكملات بتضيع فايدتها والمقال ده ممكن يفيدك علشان تعرف أقصد ايه وممكن تنزل لاخر فقرة الخاصة بالمكملات الغذائية علطول  فوائد الفيتامينات والمعادن للجسم   ولماذا لا تستفيد منها أجسامنا  freshheallth blogspot com ,0
كيف ابدأ في تعلم الشطرنج ,0,انصحك   بكورس تعلم الشطرنج فى 60 دقيقة  شاهد هذا الفيديو  ستجده أول فيديو بالأسفللو عاوز تتعلم شطرنج صح بجد و تفهم شطرنج و تصل إلى مستوى الاحتراف يبقى تابعنى و شاهد كل كورستنا المجانية فى أسفل الصفحة    ＬＩＫＥ   ＳＨＡＲＥ   ＳＵＢＳＣＲＩＢＥ  و من هنا تبدأ تعلم الشطرنج من الألف إلى الياء learn chess                                           كورس تعلم لعبة الشطرنج  كورس التكتيك  تكتيكات الشطرنج    كورس حالات التعادل فى الشطرنج  الباطه   كورس الاستراتيجية  استراتيجيات الشطرنج    كورس الميدل جيم  استراتيجيات الشطرنج فى وسط الدور    كورس كورس أهم 300 موقف شطرنج  سلسلة فن الهجوم فى الشطرنج  كورسات شطرنج مترجمة,0
أود زيادة وزني مع العلم أنني بدأت برياضة كمال الأجسام  فبماذا تنصحني ,0,انصحك بزياده السعرات اليوميه ل ٥٠٠٠ سعر مع عدم زياده الوقت فى الجيم و القيام بعمل تحاليل تخص الغده الدرقيه,0
ما الفرق الـ 32 التي ستشارك بكأس العالم 2022 وست ق ام في قطر ,0,يمكنك مشاهدة هذا المقال الذي يقدم معلومات مفصلة عن كأس العالم قطر والفرق المشاركة والقنوات الوطنية حيث يمكنك مشاهدة المبادرات ,0
أنا شاب عمري 36 عام  لم أمارس الرياضة البدنية أبدا  والآن أشعر بألم في العضلات كلما بذلت مجهود أو في طلوع السلم مثلا   هل يمكن أن أمارس الرياضة أو أذهب إلى صالة تمارين  وكيف يجب أن أبدأ حتى أحافظ على جسمي ولياقتي البدنية ,0,ممارسة نط الحبل خمس دقائق كل يوم,0
هل هناك قانون تود تغييره في كرة القدم ,0,نعم نعم ان تكون الكرة للنساء ايضا والاهتمام بها مثل الاهتمام بالرجال   لانني احب الكرة كثيرا جدا منذ الصغر  وامارسها من وقت لاخر  وسرعان ما اتذكر ان ليس لها اهتمام   اقول لا داعي للصراع ع وصول للعب في فريق اول او ثاني    ,1
ماذا ينقص نادي مانشستر سيتي لكرة القدم للفوز بلقب الدوري الإنجليزي هذا الموسم 2020 2021 ,0,محرز,1
هل حد فيكو لي تجربه مع تمارين التمدد و هل زادت من طولك ,0,لا يوجد تمارين تزيد الطول,0
هل الافضل افعل تمارين التمدد و انا صائم ام افعلها بعد الفطور ,0,يفضل أن تقوم بتمارين التمدد بعد الفطور  حيث يحتاج جسمك إلى الطاقة والتغذية للقيام بالتمارين بشكل صحيح وآمن  كما أنه من المهم شرب الماء بشكل كاف خلال فترة الصيام وبعدها لتجنب الجفاف وضربات الشمس ,0
ازاي نتجنب الاصابات في التمرين   ياريت يبقي رد نموذجي وتفصيلي  ,0,لتجنب الإصابات أثناء التمرين  يجب اتباع بعض الإرشادات والتدابير الوقائية التالية 0001  التسخين  2  استخدام المعدات الواقية  3  تقدير قدراتك  4  التغذية  5  التأهيل  ي6  استشارة طبية  ,0
ماهي شروط الفيفا لتغيير منتخب اللاعب ,0,الشرط الاولاني يمثل البلد ما يكونش لعب لاي منتخب اول في اي بلد الشرط الثاني كن عايش من البلد تكون عايش في البلد من ثلاث سنوات الى خمس سنوات والافضل يكون مثل الناشئين فيها يصبح يلعب المنتخب الاول ما كنتش مثل اي منتخب اول ثاني ما اظن دي شروط الفيفا,0
السلام عليكم ما هي افضل رياضة من هذه الرياضات من حيث كل شئ و ماهي رياضة التي يمكن ان تمارس ما رياضة اخري  وجزاكم الله خيرا معلومة اضافية عمري19 1 الكاليثتنس 2 رمي القرص او كرة 3 الطائرة 4 السباحة 5 التنس 6 اسكواش 7 كرة القدم,0,لا يوجد رياضة واحدة تعتبر الأفضل بشكل عام  فكل رياضة لها فوائد مختلفة على الصحة العامة واللياقة البدنية  ومن المهم اختيار الرياضة التي تناسبك وتستطيع ممارستها بشكل منتظم ومستمر وبالنسبة لرياضة يمكن ممارستها دون الحاجة إلى رياضات أخرى  فذلك يعتمد على اهتماماتك وقدراتك البدنية  لذلك  يجب عليك تجربة عدة رياضات حتى تختار ما يناسبك وإذا كان هناك شئ يجعل رياضة معينة أفضل من غيرها  فإنه سوف يختلف من شخص لآخر حسب احتياجاته وأهدافه ولإثراء المعرفة  فإن جميع هذه الرياضات التي ذ ك ر ت لديها فوائد صحية كثيرة  بالإضافة إلى أن كل رياضة تحس  ن قوام الجسم بطرق مختلفة ,0
 أنت  لاعبة جيدة لكن تنقصك بعض اللياقة  الجملة التي تتكرر دائما  من المدربين وزملائي الاعبين    مع العلم ان وزني مثالي وابذل جهدي بالتمرين لكن التفكير بالامر يجعلني افكر بترك المجالات الرياضية كليا   ماذا أفعل ,1,رقم 1 بعض المدربين يقولون ذلك حتى تشكي أنك عندك مشكله و تشتركين معهم لذلك لا تعطي اهتمام لكلامهم وبالمناسبة مفهوم الحياه الصحيه ليس بالصور ولكن بنظام أ ل صحي والرياضه أما الصور والمثاليه هذه لاتخدعك هذه أكبر خدعه في هذا المجال  وبالمناسبة أنا مدربة رياضيه اذا أردتي أن تسأليني عن شيئ بامكانك مراسلتي أحب المساعده ,1
أيهما أفضل للجسم  المشي لمدة ساعة أو ممارسة الكارديو في المنزل ,1,كلاهما مفيد للجسم ويعتبران تمارين رائعة لتحسين الصحة العامة واللياقة البدنية  إذا كان هدفك هو فقدان الوزن  فإن ممارسة الكارديو في المنزل قد يكون أكثر فعالية  خاصة إذا كانت التمارين عالية الشدة مثل تمارين HIIT  ومع ذلك  يجب أخذ بعض الأشياء في الاعتبار مثل المستوى الحالي للياقة البدنية وأهداف التمرين  بشكل عام  يجب تحديد نوع التمرين بناء  على احتياجات جسمك وأهدافك ,0
طريق عمل فيديو تمارين كمال الأجسام و مقاطع فيديو وصورة تجريب للرسوم المتحركة للياقة البدنية ثلاثية الأبعاد  ,0,لإنشاء فيديو تمرين كمال الأجسام مع مقاطع فيديو وصورة تجريب للرسوم المتحركة ثلاثية الأبعاد  يمكنك الاستفادة من بعض الأدوات التالية ,0
لدي فكره عن كرة القدم ولكن اريد ان انشئ محتوى عنها فكيف اصنع محتوى عن كرة القدم مميز اريد ملاحضات   ,0,كره عن كرة القدم ولكن اريد ان انشئ محتوى عنها فكيف اصنع محتوى عن كرة القدم مميز اريد ملاحضات   لتصنيع محتوى عن كرة القدم المميز  يمكنك البدء بتحديد الأهداف التي تريد الوصول إليها من خلال المحتوى  بعد ذلك  يمكنك استخدام البحث للبحث عن المصادر المفيدة التي تساعدك في تحقيق هذه الأهداف  يمكنك أيض ا الاعتماد على المصادر الموجودة في الشبكة العالمية التي تتضمن مواقع التواصل الاجتماعي والمواقع التي تقدم الخبرات  بما في ذلك المواقع التي تخص الكرة القدم بعد ذلك  يمكنك استخدام الأدوات التي توفرها الدليل الإحصائي للتأكد من أن المحتوى الذي تنشأه يحتوي على معلومات محدثة ودقيقة بناء  على أحدث الأخبار والأ,0
هل تجوز ممارسة يوغا الاسترخاء  ,0,وز ممارسة يوغا الاسترخاء  يمكنك ممارسة يوغا الاسترخاء للحصول على الاسترخاء الكامل للجسم  والتحقق من أن جسمك يشعر براحة ويسترخي  يوغا الاسترخاء يعتبر أحد التقنيات الأساسية للتخلص من الإجهاد والإضطرابات النفسية  والحصول على نوع من الاسترخاء الذي يؤدي إلى تحسين الحياة والصحة النفسية ومشاكل النوم ,0
كيف تعمل جدول تمارين منزلي خاص فيك وكيف اختار التمارين المناسبة ومن اين احصل عليها ,0,هذه سلسلة من التمارين اليومية المنزلية خاصة بي وهناك عدة تمارين أخرى منزلية يمكنك الاطلاع عليها تمارين منزلية,0
ليس لدي وقت لممارسة الرياضة   فأنا أعمل من الساعة 8 صباح ا حتى الساعة 5 مساء   أتناول غدائي في الساعة 05 30 مساء    ولا يمكنني ممارسة الرياضة في المساء لأنه يزعج نومي  هل يكفي أن أمارس الرياضة في عطلة نهاية الأسبوع ,0,طيب ابغ انضمه في اي نادي,0
ما هو سبب تراجع مستوى كريستيانو رونالدو بشكل كبير بعدما كان اسطورة كرة قدم ,1,م ن قال انه تراجع   ,1
كيف يمكنني مشاهدة المباريات بث مباشر يلا شوت كورة لايف كورة اون لاين ,0,نعم,1
من الافضل في تاريخ كرة القدم   ,1,ليو      ,1
هل ستتابع كأس العام للأندية  ,0,بكل تأكيد لاني انا متابع جيد جدا لكره القدم فكيف لا وأيضا أن ريال مدريد مشترك في هذه البطوله,1
هل مشاهده كرة القدم ضياع الوقت  ,0,لا,1
ما هي مسابقة السوبر الأوروبي  ولماذا الكل يتحدث عنها ,0,لانها ستغير قواعد لعبة كرة القدم و ستنهي هيمنة الاتحاد الاوروبي على الكرة الأوروبية   اقرأ المقال التالي بخصوص السوبر الأوروبي,0
ما هو أفضل جدول تمارين لتكبير العضلات دون تغيير في وزن الجسم ,0,لايوجد شيء اسمه أفضل جدول تمارين لتكبير العضلات و التغيير في وزن الجسم يحدث طبيعي سواء زدت عضل أم دهون,1
من هم اللاعبين الذين تفضلهم فى التاريخ  ,0,ميسي  فرانك لامبارد,0
في أي عام حصل نادي برشلونة لكرة القدم على بطولة الدوري الإسباني لأول مرة في تاريخه ,0,اول لقب لنادي برشلونة في الدوري الاسباني حيث استطاع النادي بفضل بعض لاعبي الفريق أمثال جوسيب ساميتيير وفرانز بلاتكو وزامورا وغيرهم  تحقيق  النجاح والتميز في الأداء لهذا الفريق  إذ استطاعوا الفوز بأول بطولة للدوري الاسباني   وكان ذلك عام 1929هذا جوسيب ساميتييرحصل برشلونة على لقب الليجا في 26 مناسبة  آخرها عام 2019  بينما احتل المركز الثاني  الوصافة  في 25 مناسبة  آخرها عام 2017 عندما ظفر ريال مدريد بالمسابقة في آخر جولة  بفارق نقطة وحيدة عن البارسا ,0
ما هى البلد ذات أكبر معدل صحه في العالم  ,0,نيجيريا كما اتوقع,0
ما هى فوائد واضرار استبدال الدجاج واللحم بالبروتين النباتي  ,0,خمسة حسبما أذكر١  البروتين النباتي لا يمتصه الجسم بالكامل لذا عليك تناول كميات أكبر للوصول لاكتفائك اليومي٢  قد يؤخر أو يمنع امتصاص بعض المعادن في جسمك٣  البروتين النباتي لا يحوي كل الاحماض الأمينية  فيعاني جسمك من نقص في أحماض ميثونين  ليسين و تربتوفان بالاخص  اذا التمثيل البروتيني في جسمك protein synthesis لا يكون كاملا و قد تحتاج لمكملات   باستثناء سبيرولينا ٤  مصادر البروتين الحيواني كاللحوم تحوي ايضا عناصر غذائية اخرى لا تتواجد في البروتين النباتي كالكارنيتين والكرياتين و التاورين و بالأخص فيتامين ب ١٢   كوبالامين  و هو فيتامين الطاقة و نقصه يسبب فقر الدم و العمي  ينصح بشدة تناوله كمكملات للنباتيين٥  محتوى البروتين في النبات اضعف بكثير من اللحوم  لذا عليك تناول كميات كبيرة جدا من الطعام لتصل لحاجتك اليوميةاضيف  احد اهم مصادر البروتين النباتي هو فول الصويا  و هذا يزيد نسب الاستروجين لذا لا انصح به للرجال  افضل منه بروتين البازلاء pea proteinاخيرا   الطعم     طعم الستيك اللذيذ medium rare لا يعوضه اي نباتالفوائد ليست كثيرة ١  التحكم بمستويات الكوليسترول٢  تقليل كمية الدهون في الطعام٣  مصادر البروتين النباتي غنية جدا بالمعادن و الألياف,0
السلام عليكم   كيف يمكنني الانضمام لنادي كرة قدم بمصر مع العلم ان عمري 18 سنه ومستوايا فوق المتوسط ولم التحق بأكادمية او نادي من قبل ,0,أنا لا أحبطك أو أقف في حلملكولكن أريد أن أسألك سؤالحينما تقف أمام الله ويسألك عن شبابك فماذا سيكون جوابك,0
رسميا    لاعب كرة القدم الأشهر ينضم للنصر السعودي في صفقة هي الاغلي للاعب كرة قدم    في رأيك هل هي صفقة موفقة للاعب والنادي والكرة السعودية عموما   ,0,في البداية أشكرك على طلب الإجابة على سؤالك  بالنسبة لصفقة انتقال لاعب أندية سبورتينج لشبونة البرتغالي ومانشستر يونايتد الانجليزي و ريال مدريد الإسباني و اليوفنتوس الإيطالي البرتغالي كريستيانو رونالدو إلى نادي النصر السعودي في صفقة مفاجئة لم تخطر على بال أحد من قبل   أحلام نومة العصر كما يقال في مصر    حيث أعلن نادي النصر السعودي  مساء الجمعة عن توقيع عقد احترافي مع البرتغالي كريستيانو رونالدو يمتد حتى صيف 2025  تحدث الكثير عن من هو المستفيد من هذه الصفقة  في الواقع كل الأطراف المعنية ستستفيد من الصفقة بشكل أو بآخر  لكن المستفيد الأكبر وهو نادي العالمي وهو لقب نادي النصر السعودي بشكل خاص والكرةفي البداية أشكرك على طلب الإجابة على سؤالك  بالنسبة لصفقة انتقال لاعب أندية سبورتينج لشبونة البرتغالي ومانشستر يونايتد الانجليزي و ريال مدريد الإسباني و اليوفنتوس الإيطالي البرتغالي كريستيانو رونالدو إلى نادي النصر السعودي في صفقة مفاجئة لم تخطر على بال أحد من قبل   أحلام نومة العصر كما يقال في مصر    حيث أعلن نادي النصر السعودي  مساء الجمعة عن توقيع عقد احترافي مع البرتغالي كريستيانو رونالدو يمتد حتى صيف 2025  تحدث الكثير عن من هو المستفيد من هذه الصفقة  في الواقع كل الأطراف المعنية ستستفيد من الصفقة بشكل أو بآخر  لكن المستفيد الأكبر وهو نادي العالمي وهو لقب نادي النصر السعودي بشكل خاص والكرة السعودية بشكل عام  فالبداية كانت بعد الإعلان عن الصفقة  حيث وصل متابعين صفحة نادي النصر السعودي على تطبيق الانستجرام لوحده لحين كتابة الإجابة نحو 4 ملاين ونصف متابع بعد أن كانت 80 ألف فقط  ناهيك عن الأرباح المتوقعة التي سيجنيها النادي من حيث الشهرة وعوائد مبيعات القميص الأصفر والأزرق الذي يحمل اسم كريستيانو  غير قيم الرعاية مقابل الإعلان على قمصان النادي أيض ا  فلنأخذ ماحدث مع ارتفاع عوائد مبيعات قمصان الأندية العالمية مثل ناديي مانشستر يونايتد الانجليزي بعد التوقيع مع النجم كريستيانو رونالدو و باريس سان جيرمان الفرنسي بعد توقيعه مع النجم الأرجنتيني ليونيل ميسي  وارتفعت مبيعات مانشستر يونايتد الإنجليزي  بعد إعادته نجمهالسابق كريستيانو رونالدو  ولتوضيح مدى أهمية عوائد بيع قمصان اللاعبين  فلنأخذ النجمين كريستيانو رونالدو وليونيل ميسي  مثالا  على ما يمكن تحقيقه من عائد اقتصادي مقابل بيع قمصان اللاعبين  إذ بمجرد توقيع رونالدو على عقد العودة إلى مانشستر يونايتد من يوفنتوس في الصيف الماضي  وتوقيع ميسي مجانا  لباريس سان جيرمان  تم طرح قميصي اللاعبين للبيع في متاجر الناديين  وأحدثا تأثيرا  اقتصاديا  كبيرا  في مداخيل الناديين  التي وصفت بأنها تاريخية فبعد الإعلان عن ارتداء رونالدو قميصه السابق رقم 7 مع الشياطين الحمر  حققت مبيعات قمصان النجم البرتغالي حوالي 187 1 مليون جنيه إسترليني  مقابل 103 8 مليون جنيه إسترليني عائد بيع قمصان الأرجنتيني ميسي مع نادي باريس سان جيرمان  وذلك بعد 8 أيام فقط من توقيع النجمين عقديهما مع الناديين  وحسب ما نشرته صحيفة عكاظ السعودية  فلقد نفذت أول دفعة من القمصان الخاصة باللاعب كريستيانو رونالدو في نادي النصر   وقيمه القميص 120 ريال سعودي و حيث تم بيع مليونا قميص في 48 ساعه فقط وبقيمة وصلت ل 240 مليون ريال سعودي أي ما يعادل 63 مليون دولار   أما بالنسبة للاعب كريستيانو رونالدو فهناك شيئين سيحدث بعد هذا الانتقال  فمن الناحية المالية وبراتب يصل إلى 200 مليون دولار أصبح كريستيانو في ع مر الـ37 يصبح الرياضي الأعلى أجر ا في العام الجديد  حسب مجلة  فوربس  Forbes   الأمريكية  أما الشيء الآخر أو الوجه السيء بالنسبة لرونالدو في هذا الانتقال فإن كريستيانو اغلق صفحة من الانجازات الكبيرة حيث إن صاحب الكرة الذهبية خمس مرات  مهدد بفقد الكثير من الأرقام القياسية على سبيل المثال لا الحصر  فإن لقب الهداف التاريخي لبطولة دوري أبطال أوروبا برصيد 140 هدف  حيث إن هذا المركز مهدد بخسارته لصالح اللاعب الأرجنتيني ليونيل ميسي برصيد 129 هدف وهو مازال نشط في بطولة دوري أبطال أوروبا مع نادي باريس سان جيرمان   وهذا رأي البسيط عن هذا الانتقال الخيالي والغير متوقع  وسنرى ماذا سيحدث مستقب لا  ,0
لماذا المنتخب الإنجليزي لكرة القدم دائما يفشل  ,0,لسببين  أولهما   لأن القيمة التسويقية للاعبيهم أكثر تضخيما    بالله عليك ستيرلينغ أزيد من 100    في حين أن قيمتهم الحقيقية أقل بكثير  ثانيا   إعطاء الأهمية الكبرى لأسماء اللاعبين وشراء النجوم   و اغفال أهمية المدرب و الخطط التكتيكية  و خير برهان هو المنتخب الأرجنتيني   منتخب غير مدجج بالنجوم   بل تم تصنيف بعض اللاعبين من الدرجة الثالثة   و مع ذلك حصد الأخضر و اليابس  فمشكلة المنتخب الإنجليزي يلعب بدون خطة   ان عمل على تحسين هذه النقطة سيكون كالمنتخب الفرنسي  ,1
عمري 22 سنة و حلمي أن أصبح لاعب كرة قدم محترف  لم يسبق لي أن لعبت مع نادي لكنني أتدرب وحدي  هل لازالت لدي فرصة لتحقيق حلمي  و إذا ماذا يجب علي أن أفعل و أتمنى أن تقترحو علي دورة تكوينية أو وكيل بإمكانه مساعدتي  شكرا مسبقا ,1,طبعا يمكنك اذا عملت بجدحاول بان تنضم الى فريق في البداية وأر هم مهاراتك,0
كم يجب ان اتمرن في الاسبوع من يوم ومدة التمرين لإنقاص الوزن ,0,لقد أجبت عن هذا السؤال لأكثر من مرة وإن عملت جولة في بروفايلي ستجد ردود مفصلة ومدققة لهذا الغرض ولكن لابأس سأعيد الإجابة في سطور ولعله خيرالرياضة من دون حمية لن توصلك إلى هدفك يجب أن تأخذ حمية مناسبة لهذا الغرض أولا  ثانيالقد أجبت عن هذا السؤال لأكثر من مرة وإن عملت جولة في بروفايلي ستجد ردود مفصلة ومدققة لهذا الغرض ولكن لابأس سأعيد الإجابة في سطور ولعله خيرالرياضة من دون حمية لن توصلك إلى هدفك يجب أن تأخذ حمية مناسبة لهذا الغرض أولا  ثانيا ثالثابعد حذفك لوجبة الفطور إستمر على صيامك المتقطع أو صيام الماء إلى غاية وجبة الغذاء بحيث يجب أن تكون قد قضيت 16 ساعة بدون أكل من عشاء البارحة إلى غذاء اليوم   رابعاثم تناول غذاءك بعد الحصة وبعده قيلولة خفيفة يكن جسمك قد عاد إلى طبيعته ثم خذ حماما بعد ذالك لإزالة العرق لايستحب أن تأخذ الحمام بعد الرياضة مباشرة ففي ذالك سلبيات على الصحة تظهر بعد مدة من جملتها أمراض ضيق التنفس يستحسن ان تكتفي بعد الحصة بتبليل منشفة بماء ساخن وامسح بها عرقك وأخر الإستحمام ماأمكن ويمكن أخذه ليلا فهو يفيد في إزالة الأرق للنوم بشكل أفضل   خامساوفقكم الرحمن لما يحبه ويرضاه ,0
أناعمري21سنة و مقيم بفرنسا أريد أن أحتراف كرة القدم فأنا لاعب جيده ولاأعرف متى تبدأ الاختبارات وهل يمكنني العمل ولاعب كرة القدم ,0,فرنسا هي الدولة الوحيدة في العالم الذي تستقبل لاعبين ما عليك هي البحت عن أكاديميات التدريب وأن تسأل عن كيفية التسجيل وعن جميع الأسئلة الذي سوف تطرحها عليهم بالنسبة للعمل  ولكن في الأول سوف تخضع إلى إختبار  تدرب على تمارين اللياقة البدنية والكارديو وتمارين الإطالة العضليةتمرن على الجري لمدة ساعة في اليوم لكي تقوم برفع المستوى البدني لجسمك  في حالة الإرهاق يوم واحد راحةتمرن في صالة كمال الأجسام مرتين في الأسبوع,0
كيف بدأت في ممارسة الرياضة وكيف جعلتها جزء من حياتك ,0,ستمارس الرياضة إن كنت تحب حياتك  و إن كنت تكره زيارة الأطباء  أجسامنا لم تصمم للجلوس و الكسل بل للحركة و السعي لذا يتفاعل الجسم مع وظائفه الداخلية عكسا مع قلة الحركة  ماذا يحصل عند قلة الحركة  ١  تنخفض وظائف الدماغ لبطء الدورة الدموية فتقل تغذيته و الأكسجين اللازم لترويته ٢  تبدأ الغضاريف و المفاصل بالتآكل لقلة الاستعمال ٣  تبدأ آفة الكبد الدهني فتعيق عمله في تنقية السموم و استقلاب الطعام ٤  ضغط القلب و الشرايين بسبب الترسبات على جدران الأوعية ٥  تخسر حجم عضلي و هذا بدوره يتسبب في تخزين دهون أكثر ٦  تزيد مستويات الإنسولين في الدم لعدم استعمال الغلوكوز فتبدأ مقاومة الخلايا له و يؤدي لمرض السكري ٧  تبدأ صعوبات التنفس لضعف دورة الاكسجين في الدم و خسارة وزن العضلات التي تدعم الجهاز التنفسي ٨  ضعف القدرة الجنسية و الرغبة  لتباطؤ تحرير الهرمونات الجنسية و تراكم الدهون ٩  الإحساس بالكآبة فقلة الحركة تزيد افرازات الكورتيزول ١٠  زيادة احتمالات الاصابة بجلطات و ضعف المناعة في الجسم ١١  ضعف الثقة بالنفس و متلازمة شكل الجسم ديسمورفيا تؤدي للانعزال الاجتماعي,0
هل استطيع اللعب كرة القدم وعمري 25عام ,0,تستطيع أن تلعب كرة القدم في هذا العمر ولكن الإحتراف سوف يكون صعب نضرا اكبر السن ولكن إذا كنت مهتم يجب عليك أن تبدأ وتكوم لك عزيمة قوية لكي ننجح في مسارك الكروي,0
انا عمري 15 ابحث منذ فتره علي نادي كره قدم في مصر في الدرجة الأولى وجاءت امامي الفرصة اللعب في دوري القسم الثالث ولكن أشعر أن هذا لن يفيدني في تحقيق حلمي وهو الاحتراف في الخارج ما رأيكم  ,0,اهلا وسهلا بحضرتكبما انك تبحث عليه منذ فترةطويله واتيحت لك الفرصة فلماذا لا تجرب اللعب واصل في اللعب حتى تصبح محترفوثم افعل ماتريدهذا رأيواكيد القرار قراركان كنت تريد ان تكمل في مصر او في الخارج,0
أنا طالب جامعي سنة ثانية  عمري 20 سنة وحلمي هو أن أصبح لاعب كرة قدم محترف  لحد الآن لم أحقق شيئا  من ذلك إم ا بسبب الدراسة وضغط الوالدين وإم ا بسبب عدم توفر نادي أو فريق يهتم بي ويعطيني فرصة حقيقية  فهل من نصيحة أو أي شيء معنوي تستطيع مساعدتي به ,0,انا مدرب كرة قدم وانصحك بالتركيز على دراستك لانه ببساطة كرة القدم لازم تبدا تدرب من عمر صغير ع الاقل ١٢ سنة لكي يتم تكوينك على اسس صحيحه فنيا وبدنيا وتكتيكيا و ذهنيا في عمر العشرين خلاص اللاعب جاهز ع كافة المستويات للعب في الفريق الاول وهنا تبدا مرحلة البحث عن الاهداف وجني ثمار العمل في الصغر,0
هل يكفي السير لمسافة 20 كم في عطلات نهاية الأسبوع للحفاظ على لياقتي  خاصة  أنني أعمل من الاثنين إلى الجمعة وليس لدي وقت لممارسة الرياضة ,0,رياضة المشي لها فوائد كبيرة لجسم الإنسان كحرق الدهون وتخفيف الوزن ولكن الرياضة كلها لا يجب أن تتخطى الحدود فتعود على صاحبها بالسيء,0
مرحبا هل من متجر على الأنترنت يبيع ملصقات خاصة بلاعبين كرة القدم   لقد اشتريت ملصق رائع للاعب ميسي لكن مشكلة هذا المتجر انه لا يوفر جميع اللاعبين   هذا هو       ,0,هناك عدة متاجر إلكترونية تبيع الملصقات الخاصة باللاعبين ما عليك سوى أن تقوم بطلب وهم يرسلون لكموقع علي إيكسبريسموقع علي بابا,0
متى بدأت تشجيع فريقك المفضل في كرة القدم ,0,2002,1
ما رأيك في مستوى حكم مباراة الأرجنتين وهولندا في ربع نهائي مونديال قطر 2022 ,0,حكيم ضعيف وله أخطاء كتيرة في المباريات,1
أتناول القهوة بشكل منتظم ويومي بمعدل فنجانين في اليوم  هل ينبغي علي أن أستبدل القهوة بمشروب آخر إذا كنت أمارس الرياضة يوميا  ,0,القهوه السوداء بدون حليب ينصح بها الأطباء تناولها قبل الرياضة لما فيها من فاءدة للجسم,1
هل تتوقع أن يتخطى منتخب المغرب المنتخب البرتغالي في دور ال 8 من مونديال قطر 2022 ,0,تم  ,0
ما هي الطريقة الصحيحة للجري بالنسبة لمدخن عمره 20 سنة وأقلع حديثا  عن التدخين  كم عدد المرات المناسب في الأسبوع ومدة الجري ونسق الجري  وما أفضل وقت للجري والمسافة اللازمة  وبعد كل كم يوم يمكنه زيادة النسق  وما وصفة الأكل قبل وبعد فترة الجري ,0,هي الارادة والعزيمة علي الاقلاع وممارسة الرياضة بصفة مستمرة,0
من تتوقع أن يصل للمربع الذهبي في مونديال كأس العالم 2022 بقطر ,0,اعتقد انه لا يمكن تحديد من سيفوز بالمربع الذهبى  لان  لحد اخر ثانيه لم يتم تحديد من سيفوز 16 8 لذلك لا يمكن تحديد من سيفوز بالمربع الذهبى  الا فى اخر ثانيه  لان متعة الكوره انها مباشرة  لحد اخر لحظه لم يتم تحديد الغالب من المغلوب,1
أزن 99 كيلوغراما   و 174 سم  هل انا في خطر ,1,جرب كودي في اي هيرب الله يحرم وجهك على الناروفي منتجات تخسيس حلوووه,1
بعد فوز منتخب السعودية على منتخب الأرجنتين والأداء القتالي والروح العالية التي أظهرها صقور الأخضر السعودي  هل تتوقع أن تصل السعودية إلى أبعد من الدور الأول في مونديال قطر 2022 ,0,من الممكن,1
ما رأيك في التعديلات الجديدة على قوانين كرة القدم واستخدام التكنولوجيا في احتساب التسلل وطريقة احتساب الوقت بدل الضائع في مباريات كأس العالم 2022 بقطر ,0,اى شيئ يتم تطبيقة لتحقيق العدل أنا مؤيد له وبشدة   وضد مقولة   الأخطاء متعة من متع كرة القدم   هذه المقولة من أطلقها لا يحب العدل و من يرددها لن يقبل العدل و الأنصاف  ,1
هل ستنجح قطر في تنظيم أفضل بطولة لكأس العالم بعد الافتتاح المبهر والإمكانيات الكبيرة المتوفرة والمبالغ الضخمة التي صرفت على المونديال ,0,طبعا تستطيع,1
هل يمكنني إنقاص الوزن بالمشي 45 دقيقة في اليوم  أقصد المشي السريع مع تغذية متوازنة ,0, 30 دقيقة كافية على الساعة 12H00 ظهرايستوجب عليك فعل مايلي01 تبكير وجبة العشاء ولاتنم إلا بعد ساعتين02 أترك عنك وجبة الفطور قد تسمع كثيرا أن الفطور صحي وبلسان بعض الاطباء لكن هذه المعلومة خاطئة مادام الفطور فيه الكثير من السكريات والخبز  لكن مادام الأمر يتعلق بإنقاص الوزن فإزالة الفطور شيء إجباري03 الصيام المتقطع لمدة 16 ساعة مع شرب الماء في أي وقت أمكن انطلاقا من وجبة عشاء أمس إلى وجبة غذاء اليوم04 إبتعد تماما عن السكروز أي سكر المائدة أي السكر المصنع أو إن شئت سميه السم القاتل فهو سبب كل المشاكل الصحية ولانقصد بذالك السكر النباتي الذي خلقه الله فيما انبته من الأرض فما خلق الرحمن ينفع البشر وماصنعه الإنسان بيده يضر البشر وتذكر دائما قول ربك سبحانه 05 أترك عنك الوجبة الزوالية واكتفي بوجبتين غنيتين بالبروتينات و بمايلزمك من السعرات الحرارية في اليوم  06 أترك عنك الأكل العاطفي والأكل بدون وقت07 لاتكثر من أكل الخبز خذ ربع أو أقل من قرص الخبز يكفيك مع كل وجبة وإن كان لابد منه فاشويه في النار  إذا كنت موظف وتستغرق وقتا طويلا في العمل وتخاف ع نفسك من الجوع يمكنني ان أزودك ببرنامج فيل غريت في رابط أسفله مع فيديوهات شرح و الذي سيساعدك حتما على الصيام المتقطع وتزويدك بالطاقة اللازمة ويشعرك بالشبع وتحقيق هدفك من دون الإحساس بالجوع  إنها مكملات بيو من شركة يونيسيتي الأمريكية أي لاتحتوي على مواد كيماوية مصنعة ولديها فروع في معظم الدول العربية ومنهم المغرب والجزائر وعمان والبحرين والسعودية ومصر وغيرهم وقد جاءت بعلم جينومسوتيكلز وهو علم تشبيب وتصغير الخلية  كل منتجات يونيسيتي مرفوقة على موسوعة ال PDR للمنتجات البيو  لاقتناء برنامج feelgreat من مركز يونيسيتي مباشرة إضغط الرابط أسفلهhttps   unicity link 972af01d2cشهادات عربية غلى هذا الفيديو,1
لدي سؤال فضولي كم هية تكلفة الاجماليه لحضور نهائي كأس العالم في قطر  شاملة الاقامه في فندق عادي و تذكره لحضور جميع المباريات ,0,اعتقد انها ليست تكلفه انما هى تذكره مجانيه بس بشرط تكون داخل قطر مشجع لجميع الدول,1
هل يمكنني الجري وأنا بوزن 98 كيلو جرام ,0,نعم,1
هل أربح من اليوتيوب عند نشر ملخص مباريات كأس العالم أم تربح الشركة الراعية أرباحي  وكيف يمكن إيجاد الحل ,0,السلام عليكم أخي لن تربح شيئا ما دمت لن تعدل على الفيديو وتزيل حقوق الطبع والنشر وهذا صعب جدا لأن سياسة اليوتوب لا تقبل بذالك وقد تغلق قناتك,0
ما هو الشيء الذي يجعلك تحب كرة القدم ,0,ممارستها  فأنا أحب كرة القدم لأني امارسها واستمتع كثيرا  عندما امارسها فهي تخلصك من الطاقة السلبية وتنشط الذاكرة والنقطة الأهم هي صحة للجسم ,1
ما هي فائدة نصف الدائرة التي تكون بعد خط ال 18 في ملعب كرة القدم ,0,كل رسم داخل ملعب كرة القدم له دلالات وفوائد بالنسبة للقوانين الرياضية فهذا القوس فائدة هو بقاء جميع اللاعبين خارجه بإستثناء المنفذ لضربة الجزاء حتى يكونوا على ب عد 9 14 م من الكرة ,0
ما توقعاتك لنتيجة المبارة النهائية بين المغرب والجزائر على كأس العرب 2022 اليوم ,0,1 0 الجزائر يارب,0
من هو الفريق الأوروبي الذي تراه مناسبا  لحمل لقب دوري أبطال أوروبا لعام 2022 2023 ,0,من شستر ستي الأكثر فاعلية و عقلية الفوز,1
ما هو أسهل مركز في كرة القدم ,0,حارس مرمى  طبعا,1
عمري تجاوز ال19 سنة وأنا أحب لعب كرة القدم جدا  وكنت ألعبها في صغري بالحارات ولم ألعبها منذ مدة ولا في نادي حتى  ولكن لدي  رغبة وشعور أني أستطيع أن أصبح لاعب كرة قدم  هل هذه مجرد أحلام يقظة أم أنه شيء ممكن حقا  وعلي  السعي وراءه بجانب تفوقي الجامعي ,0,إبدأ ومارس كرة القدم مادمت تحبها ستنجح وتصل يوما  الي هدفكولكن لا تجعل ذلك يؤثر علي مستقبلك العلمي  ,0
ابني ذو الست سنوات لا يحب ممارسة كرة القدم  هل من حلول كي أحببها له ,0,ده طبيعي لان كل شخص يختلف عن الاخر في صفاته وفي ميوله وهوياته   نصيحة    ابحث معه عن ما يجد نفسه فيه ولا تفرض عليه شئ  ,1
أنا من محبي كرة القدم وألعبها أيضا  لكن مشكلتي أني أريد أن أصبح لاعب محترف ولتحقيق حلمي هناك عوائق أولها الدراسة وثانيها قلة الأكاديميات والفرق في مدينتي  هل يمكنني أن أصبح لاعب في سن 20 عام أو أكثر بقليل ,0,ياعزيزي خذ نصيحة مجرب ولا تسأل طبيب كرة القدم هي مستقبلك هي كل شئ في حياتك إذا موهبة فعلا  و قادر علي إحداث الفرق في مباريات وان تبرز نفسك في ملعب و تكون لاعب لك مكانه كبيره في فريق و تقدم مستوي ممتاز أكيد رح تجيك العروض و تحترف علي سبيل لنقل أنك محترف في الوظن العربي في شمال إفريقيا في تونس أو جزائر إذا إنتقلت إلي نادي 250 000  دولار علي أقل تقدير بيكون مكسب لك 125 000 بشكل مضمون بينما وظيفتك المملة بعد تدرس وتتعب رح تعطيك راتب قليل يأخي لو يرجع بي زمن للوراء والله العلي العظيم رح أدخل نادي ومارح أفكر عزيزي تحياتي لك بالتوفيق,0
ما هي الرياضة المتكاملة  عمري 19 عام كنت متوقف عن الرياضة لمدة شهور قليلة وأريد العودة  كنت ألعب سابقا  كرة القدم وقبل ذلك بسنين الإسكواش ومنذ صغري كنت أمارس السباحة  فما هي أفضل وأكثر رياضة متكاملة ,0,كرة القدم أفضل واكثر رياضه متكامله أن أتقنتعا وتستمر,1
أنا شاب عمري 19 وأعشق كرة القدم وأعيش في تركيا  لدي طموح كبير ولكني منذ 6 أشهر بدأت التدريب  هل يمكنني الوصول لطموحي أم فاتني القطار لأني لم أبدأ بها منذ الصغر  الكثير من الناس يحطموني ولكن لا يأثر بي  أريد نصيحة مجرب ومدرب ذو خبرة ,1,مافاتك شي انضبط واستمر ولاتستسلم جاء في بالي لاعب ميلان البرازيلي لميسياس احترف كرة القدم وعمره ٢٩ والموسم اللي فات حقق الدوري فيه امل,0
ما حظوظ الدون للانتقال الى نادي البايرن حسب ما تتناقله بعض الصحف   ام ان الدون سيختار البقاء في الشياطين الحمر ,0,بايرن ميونيخ نفى علنا  على لسان عدة إداريين أنه لانية لهم في التوقيع مع كريستيانو رونالدو  وعلى نفس المنوال تم نفي الأخبار التي ربطته بأندية كأتلتيكو مدريد  وريال مدريد  وتشيلسي  وباريس سان جيرمان حاليا  الأقرب هو استمراره مع مان يونايتد  وهناك إمكانية بنسبة ضعيفة أن ينتقل لدورتموند بما أنه يبحث عن اللعب في دوري الأبطال  وتجربة دوري جديد يمكنك متابعة آخر الأخبار الخاصة بسوق الانتقالات أولا بأول ومن مصادر موثوقة عبر موقع  transfermercato com,0
ماذا أفعل لو كنت من أصحاب النظارات وأحب كرة القدم جدا   لم أمارسها لمدة سنة كاملة بسبب الدراسة  سابقا  كنت ألعب بدون النظارات ولكن الآن لا أستطيع ,0,انا كنت استعمل النظارات واجريت عملية فيمتو ليزك منذ اسبوعين تقريبا   عملية سهلةو منذ اول يوم عملية استطعت الرؤية بوضوح   والحمدلله اخيرا خلصت من النظارات المزعجة   انصحك بالعملية واختر طبيب ماهر,1
عمري 20 سنة وأريد أن أتعلم كرة القدم  هل العمر سيشكل عائقا  لي  وكم من الوقت سأحتاج للتعلم ,0,العمر ليس عائق لتعلم رياضة كرة القدم سيكون عائق في حالة واحده اذا اردت الانضمام الي نادي ولعب بطولات   لان النوادي تختار عن طريق عملية الانتقاء ومن خصائص الانتقاء السن الصغير لذلك تعلم كره القدم لاتقانها وجعلها هواية سيكون خيار جيداما عن الوقت فهي مسألة فردية هناك من يتعلم بسرعه وهناك من يحتاج لوقت لكي يتعلم  وعلي حسب المدرب هناك مدربين يعلمون مهارات بسرعه وهناك ببطئفي كلتا الحالتين ستتعلم باذن اللهاتمني لك التوفيق,0
لاعبين كرة قدم محترفين و مشاهير بدأو العب في سن كبير و أصبحوا من افضل الاعبين في العالم  ,0,أعتقد أفضل مثال هو الأسطورة البرازيلية سوكراتيس الذي احترف في سن 22 عاما   واستطاع التوفيق بين كرة القدم والدراسة  حيث كان اختصاصي في طب الاطفال  وشارك مع البرازيل في المونديال مرتين ,0
كيف أجعل مدة تنفسي طويلة في كرة القدم  يعني أنني أتعب بسرعة ولا أجد الأكسجين الكافي طوال 90 دقيقة رغم أني جربت كل التمرينات لتطويل التنفس ,0,صديقي كنت تبحث عن إجابة وأعطيتك اقتراحا   عليك أن تعمل بجد   عليك أن تعمل بسرعة   إن لم يكن الآن من يوم آخر  يمكنني فقط  تقديم المشورة لك كل التوفيق,1
هل يمكن لشخص لم يمارس كرة القدم في الصغر وبدأ ممارستها بعد عمر 13 عام الاحتراف ,0,نعم ياخي كلشي ممكن في الحياة ا,1
هل تتوقع صعود نادي الزمالك إلى الدور التالي في دوري أبطال أفريقيا بعد هزيمته اليوم أمام الوداد المغربي بالثلاثة ,0,اعتقد الأمور هتكون صعبة بشكل كبير و خاصة أن فريق أتليتكو الانجولى الماتش اللى جى مع الفريق الانجولى أيضا يعنى غالبا المنافسة على المركز الثانى بين الوداد و الزمالك بنسبة ٢٠  و سوف يتكرر نفس سيناريو العام الماضى,0
لماذا تبدو بعض الفرق قليلة الحيلة وهي تلعب أمام فريق مانشستر سيتي الإنجليزي وتجد ذات الفرق قادرة على مقارعة فرق أخرى كبيرة في دوريها  فما السر في ذلك ,0,السيتى فريق كبير ومعاه أحسن مدرب في العالميلعب كرة هجومية يعتمد على الاستحواذ طول المباراة بإضافة لامتلاكه أحسن لاعبين وإنفاق غير عادى على التعاقدات فى كل المراكز,1
هل يمكن للمدرب الشخصي رفع مستواي في كرة القدم ,0,نعم هو يستطبع ان يرفع من مستواك لكن الى حد معين تستطيع اللعب مع اقرانك مثلا فالمدرب لن يجعل منك ميسى او رونالدو الا اذا كنت موهوبا بالفطرة,1
بعدما ضرب المنتخب المصري موعدا  مع المنتخب المغربي في الدور ربع النهائي من مباريات كأس الأمم الإفريقية  من تتوقع أن يفوز بين الشقيقين ويصعد للمربع الذهبي ,0,إن شاء الله مصر,0
أنا عمري 18 سنة وأحلم بأن أصبح لاعب كرة قدم  هل أستطيع تحقيق حلمي رغم سني مع العلم أنني أعاني من مرض الرهاب الاجتماعي ولم ألعب كرة القدم كثيرا  في حياتي ,0,السلام للجميع كل ما تريد أن تقرر  تقرر في أقرب وقت ممكن  الوقت ينفد  الوقت لن ينتظرك ويجب أن يكون قبل ذلك ,1
بعد خروج الجزائر من مرحلة المجموعات  لقاءات دور الستة عشر من بطولة الأمم الأفريقية  مصر تلاقي كوت ديفوار وتونس تلاقي نيجيريا في موقعتين ناريتين  المغرب تلاقي مالاوي في مباراة أسهل نسبيا   من تتوقع من المنتخبات العربية أن يكمل مشوار البطولة ,0,مصر تقابل كوت ديفوار تمامتونس تقابل نيجيريا ازاى المفروض تقابل ثانى مجموعة كوت ديفوار تقريبا غينيا الاستوائية,1
أريد أن أدرس تكتيكات كرة القدم  هل تتوافر كورسات لذلك ,0,في كورسات في موقع barca hub تابعه لبرشلونه ممكن تفيدك,1
عمري 19 سنة  هل فاتني الوقت على كرة القدم ,0,حسنا  إذا كنت لذيك موهبة وعندك قدرة بذنية للعب لابأس نصيحتي أنا 26سنة فاتني الوقت بس أكثر شيء ندمت عليه إنني مادخلت عالم كرة القدم الإحتراف و الشهرة حكاية متعة يعيشها اللاعبين كل شئ فيها ممتع أجوائها الجو مع اللاعيبة و مدربين و النادي أجواء جميلة جدا ,1
ما هي توقعاتك لنتيجة مباراة الجزائر وقطر اليوم في نصف نهائي بطولة كأس العرب  وكيف ترى سيناريو اللقاء بين الفريقين ,0,اتوقع 50 50 بين الفريقين والمقابلة ستذهب الى ركلات الترجيح,0
أنا فتاة عمري 18 عاما   أنا أشجع فريق بايرن منذ 2014 وأحب أن أحلل بعض المباريات بنفسي  فكيف أصبح محللة أو مدربة رياضية  رجاء  لا تخبرني عن المطبخ ,0,من وجهة نظرى قومى بانشاء قناة على اليوتيوب   وصفحة على الفيسبوك   وحساب على تويتر كلهم بنفس الاسم ويكون الاسم مميز  ابدأى بنشر فيديوهات على اليوتيوب وعلى الفيسبوكقومى بعمل ترويج للفيديوهات عن طريق الفيسبوكاكتبى مواعيد المباريات القادمة ونتائج المباريات الاخري والمعلومات القصيرة على تويترمع كل فيديو او بوست على الفيسبوك او تويتر ثبتى هاشتاج باسم قناتكقومى بنشر فيديوهاتك فى المجموعات المهتمة بالدورى الالمانى والمهتمه ايضا ببايرن ميونخ وايضا دورى ابطال اوروبااذا اردتى اى اجابة لا تترددى فى السؤال على مساحتنا هذا باختصار بالتوفيق,0
تم إقالة مدرب نادي برشلونة  فمن هو المدرب الجديد ,0,سيرجي بارخوان,1
أعاني من انحناء الاكتاف وتقوس الظهر  ما الحل ,0,لقد شاهدت هذا الفيديو منذ فترة  أمل ان يكون مفيد لك,0
أنا محترف رياضة التايكوندو عمري 22 سنة وطولي 188 سم ووزني 83 كجم  ماذا تنصحني أن أفعل ,0,انصحك بتعليم الاطفال هذه الرياضه والمداومه عليها وانشاء اكاديميه خاصه بك,0
أنا فتاة عمري 17 سنة وطولي 157 سم وأتمنى أن يصبح 163 167 سم  والدي 173 سم وأمي 165 سم وأخي 179 سم وأنا عندما كنت صغيرة كنت أمارس رياضة الكاراتيه والسباحة وألعاب القوى والآن أذهب إلى الجيم  لدي  تقوس خارجي في الساق  هل من الممكن زيادة طولي ,0,هذه صفات جينيه لاكن عن تجربتي الشخصيه استفيدي بفرد ضهرك زياده بحيث يكون دائما او معظم الوقت في استقامته,1
ماذا سيحدث لجسمي إذا عملت 80 ضغط  wide push up  كل يوم لمدة شهر ,0,سيكون جسمك مشدود و رياضي,1
كيف ترى أداء المنتخب المصري مع المدرب حسام البدري بعد فوزه في افتتاحية مباريات تصفيات كأس العالم 2020 في قطر على منتخب أنجولا بنتيجة 1 0 ,0,زفت,1
كيف يمكنني ممارسة الرياضة في المنزل وأحصل على نفس نتائج الصالة الرياضية ,0,صدقني التمارين بمعدات بسيطه و وزن جسمك كافي انك تبني عضلات نفس الصاله الرياضيه   مش مصدقني ادخل على يوتيوب وابحث عن رياضة الكاليستانيكسحتشوف اشي كتير خرافي,1
من هو الشاعر الذي تخطى جنون العظمة بقصيدته ,1,ألا لا يجهلن  أحد  علينافنجهل  فوق جهل  الجاهليناون ش ر ب  إن  و ر د ن ا الم اء  ص ف وا وي ش ر ب  غ ي ر ن ا ك د را  وط ينالن ا الد  ن ي ا وم ن  أم س ى ع ل ي هاون ب ط ش  ح ي ن  ن ب ط ش  ق اد ر يناب غ اة  ظ ا ل مين  و م ا ظ ل م ن او لك ن  ا س ن ب د أ  ظ ا ل مين ام لأن ا الب ر   ح ت  ى ضاق  ع ن  اوماء  الب ح ر  ن م ل ؤ ه  س ف يناإذا ب ل غ  الفطام  ل ن ا صبي  ت خ ر   ل ه  الج باب ر  ساج د ينا,1
هل يوجد كأس عالم واحد فقط ويتم نقلة للفريق الفائز كل مرة ببطولة كأس العالم  أم يتم إنتاج كأس مخصص كل أربع سنوات ويحق للفريق الفائز بالبطولة السابقة أن يظل محتفظا  بالجائزة ,0,كل اربع سنين يتم انتاج كأس مخصصة للفائزلو كان الكأس ينتقل من فائز الى فائز لما كان للبطولة معنى كانها اعارة يعطونك الكأس ثم ياخذونه,0
هل رحيل ليونيل ميسي من فريقه يعد خيانة للفريق  فقد استمر فيه لمدة 20 عاما  ,0,ميسي هو من خان برشلونة وليس العكس كما يشاع ويصدقه الآخرون  ميسي في نهاية عقده في 2020 ارسل فاكس للإدارة يطلب ترك برشلونة ولكن بارتيميو وقف في وجهه ووجه موكله والد ميسي خورخي ميسي بأن يدفعوا الشرط الجزائي اذا اراد الانتقال وترك نادي برشلونة فلم يستطع اي نادي دفع الشرط الجزائي وهو 700 0000 مليون يورو وبعدها قال ميسي انه لايريد الدخول في منازعات مع نادي حياته واستمر في عقده حتي نهايته في يونيو 2021 ولكن النيه انه يريد ترك نادي برشلونة والذهاب الي باريس سان جيرمان ونادي برشلونة يعاني من الديون بسبب جائحة كورونا والديون المثقله عليه من قبل الإدارة السابقة لم يستطيع تحمل رواتب اللاعبين حيث اقترح عليهم تخفيض الرواتب والبعض وافق والبعض الآخر لم يوافق وحتي الرابطة في الاتحاد الاسباني اقترح عليهم تخفيض الأجور والا لن يستطيعوا تسجيل عقد جديد للاعب ميسي واللاعبين الجدد التي تم التعاقد معهم مؤخرا   ميسي حاول تخفيض من راتبه 50  ولكن النادي لم يستطع وحاول النادي ان يدخل شراكة مع صندوق الإستثمار الدولي   CVC   ولكن في اللحظات الأخيرة تراجع نادي برشلونة عن الدخول وذلك ان صندوق الإستثمار يريد 10  من حقوق البث التلفزيوني للمباريات لمدة 50 عاما  وتم رفضة قطعا   ميسي لو اراد البقاء في برشلونة لعمل المستحيل بنفسه ووجد مليون حل ولكن فضل الذهاب الي باريس سان جيرمان للالتقاء باصدقاءة والذين اثروا عليه كثيرآ والراتب الذي سوف يحصل عليه وهو 37 000 مليون يورو و 15000 مليون يورو هديه لوالده وكيف لا يذهب   برشلونة نادي ولا يقف عند أي لاعب مهما كان حجمه   في يوم من الأيام سيظهر لاعب غيره كما كان رونالدينيو ساحر البرشاااا والحياة تدور,0
هل كان من المجدي إقامة أولمبياد طوكيو بعد تأجيلها عن موعدها الاصلي لمدة عام    خصوصا مع عدم السيطرة علي وباء الكورونا في العالم بالكامل   ,0,نعم بالتاكيد لأن تأخيرها أكثر من ذلك سيؤثر بالسلب على الرياضه,1
اذا كنت مهتم بكرة القدم تابع موقعنا  ,0,متميز الموقع وسأقوم بمتابعتة بإذن الله   واتمني يكون فيه تعاون بينا قريبا من خلال موقعي,1
ما هو أفضل موقع لتحميل مباريات اليورو 2020 ,0,اليك رابط افضل المواقع المشهورة والموثوقة,1
لماذا الناس مولعة بمشاهدة مباريات كرة القدم ما الممتع فيها لدرجة مشاهدتها بكافة الاعمار لمئات المباريات والمراهنة عليها والذهاب للمقاهي لمشاهدتها لم لا يستبدلون المشاهدة باللعب في الواقع علما ان كلا الامرين يستغرق نفس الوقت ملاحظة انا العبها اسبوعيا ,0,لان ما عدنا ملاعب كرة القدم ولا الدولة مهتمة بلرياضة وهم فقط شغلهم الرياضة عكسنا لان عندنا شغل مدرسة وغيرها ونتابع الفريق لي بنشجعها يعني ما نتابع كل المباريات,0
الدوري الاسباني علي احره وفي نهايته ومتبقي ثلاث جولات والصراع مشتد بين الكبار أتلتيكو مدريد ب 77 نقطة ومدريد ب 75 نقطة وبرشلونة ب 75 نقطة ايضا ومن ياتري سوف يفوز بالدوري La lugga الموجهات بين الثلاث فرق محسومة لريال مدريد بسبب تفوقه علي الفريقين ذهابا وايابا حيث فاز علي اتلتيكو بمباراة وتعادل في الأخري وفاز ذهابا وايابا علي برشلونة   كيف يحصل اتلتيكو مدريد علي اللقب   اذا فاز في جميع مبارياته المتبقية ولا ينظر لنتائج الاخرين   وريال مدريد يحتاج الفوز بجميع مبارياته وخسارة أتلتيكو او تعادله في مباراة وسوف يتوج باللقب اما برشلونة فيحتاج معجزة ومساعدة الفرق الاخري بالفوز علي اتلتيكو مدريد وريال مدريد في مباراة واحدة ويفوز بجميع مبارياته كي يحصل علي اللقب   من متابعتي للدوري الإسباني لا نجد فريق ضعيف او فريق قوي كل الفرق تستطيع الفوز علي الاخري ولكن بالتفاصيل الصغيرة ومثال علي ذلك فريق برشلونة خسر من غرناطة في الكامب نو ولو فاز بهذه المباراة لكان متصدر الدوري   اخر جولتين من الدوري سوف تلعب بتوقيت واحد في نفس اليوم حتي تكون الحظوظ متساوية للبطل والفرق الهابطة     السؤال من ياترى سوف يفوز باللقب  ,0,انا مدريدي  وطبها اتمنى فوز الريال  ولكن الريال سيخوض اصعب مباريات من بين الفرق الثلاثة  لقد تعادل مع اشبيلية  لديه مباراة مع غرناطة الذي هزم برشلونه  ثم تليها ملحمتين  الاولى مع اتلتيكو بلباو في معقلهم  سان ماميس وسيكون محظوظا لو خرج متعادلا  ثم يلعب مع فياريال الذي هو يبحث عن مقعد في دوري الابطال او الدوري الاوربي  بصراحة المشكلة ان الريال ليس هو الريال  ليس لديه هداف واصاباته كثيرة   لو كان رونالدو حاظرا لما كان هناك مشكلة  ولكن التشكيلة كلها غير مطمئنة اجد ان فوز الريال شبه مستحيل برشلونه رحلته سهلة جدا واسهل الجميع ليفانتي وسلتا فيغو وايبار  نسبة الى وضع برشلونه يستطيع ان يفوز بسهولة في هذه المباريات الثلاثة المتبقية على امل ان يتعادل اتلتيكو في احدى المباريات  اجد ان حظوظ برشلونه اكثر من الريال ومن اتلتيكو اتلتيكو نظريا الافظل حظا كونه يمتلك زمام الامور بنفسه  يستطيع الفوز اذا لعب وفاز المباريات الثلاث المتبقية بغض النظر عن نتائج الاخرينؤ ولكن مبارياته الثلاثة مع فرق متوسطة المستوى ولكنها عنيدة  اوسوسونا وسوديداد وبلد الوليد فرق ممكن ان تعمل ازعاجا لاتلتيكو وتجعله يتلكاء شخصيا اتصور ان برشلونه سيفوز  ثم اتلتيكو  ثم الريال من ناحية الحظوظ  اما التمنيات فاتمنى فوز ريال مدريد باللقب ,0
هل تعلم من هو أغنى لاعب في العالم ,0,ديفد بيكاهم,1
ما هي مسابقة السوبر الأوروبي  ولماذا الكل يتحدث عنها ,0,لقد شعر عملاقة الكرة الاوروبية من الدوريات الانجليزي والاسباني والايطالي الكبار انهم يتقاسمون الأرباح مع الفرق الصغيرة في دوري أبطال أوروبا   واعترضوا على نظام التوزيع  لأنهم يرون في أنفسهم  أنهم السبب في تلك الأرباح الضخمه   فقروا ان يكونوا بطولة لهم فقط   تضم ١٥ عشرة ناديا   وبتمويل ضخم من بنك جي بي مورجان   ,0
ما هي الإنجازات التي حققها فلورينتينو بيريز ,0,اصبح بيريز رئيس ريال مدريد الحالي حديث الساعة  قلب الطاولة على الاتحاد الأوروبي و التغير قادم  لمزيد من المعلومات اقرا ماقاله في مقابلته الأخيرة  فلورينتينو بيريز أخطر رجل على كوكب الأرض حاليا  ,0
ما رأيكم في أداء موقع beinsport life يوم أمس  وما رأيكم في أداء البث الرياضي الخاص بالمباريات عليه ,0,اعلانات مزعجة للغاية ,1
انا لاعب كرة قدم جالي رباط صليبي وغضروف وعملت العمليتين وبعدها ب 6 شهور جالي رباط صليبي تاني في نفس الرجل اعمل اية  ,0,الحمد لله ع السلامة    راحغ طبيب الطب الرياضي لتقييم حالتك,1
من هو أعظم لاعب عربي في كل العصور ,1,الى حد قبل ٥ سنوات كان اللاعب الجزائري رباح مادجر هو افضل لاعب وبدون منازعانجازاته لا يدانيها انجازات لاي لاعب عربي اخرمن الاحتراف في بورتو الى الفوز بدوري الابطال وبهدف اكثر من رائع في مرمى بايرن ميونخ وحتى على مستوى كاس العالم وغيرها في الحقيقة كانت انجازات كمية ونوعية لم يستطع اي لاعب ان يقترب منها اما الان فالصورة مختلفة ما يحققه مجموعة من اللاعبين في الدوريات الاوربية يعتبر مفخرة بكل معنى الكلمة وبالاخص محمد صلاح نجم ليفربول هذا الرجل اعتقد انه اعظم لاعب عربي لحد الان اللعب في الدوري الانكليزي ومع ليفربول والحصول على كل الالقاب الممكنه وبتميز وباحترافية وهو النجم الاول للفريق والهداف الافضل تاريخيا بالاظافة الى دوري الابطال وحزمه من الجوائز الفردية والجماعية مصحوبة بالخلق العالي والدماثة والطيبة فعلا هو الافضل لحد الان حتى تجود الملاعب بالافضل والافضل ,0
هل اللحوم ضرورية لبناء العضلات ,0,طبعا لان فيها بروتينات والروتين هو العامل الأساسي لبناء العضلات,1
هل لديك الرغبة في الكتابة الرياضية في موقع جديد www sportglobel com  ,0,هل تقصد ماهي الموضوعات و الشروط  ,0
من هم أسرع اللاعبين في العالم على الإطلاق ,0,أصبحت كرة القدم في عصرنا الحالي تعتمد على السرعة العالية والبنية القوية وهذا ما يجعل للاعبين يتميزون عن غيرهم  والجري أسرع من مدافعي الخصم ميزة رائعة يحبذها أفضل المدربين في العالم أمثال والجري أسرع من مدافعي الخصم ميزة رائعة يحبذها أفضل المدربين في العالم أمثال اليكم   ,0
ما هي مميزات وعيوب الوصول لاقصى عدد من تمرين الضغط من خلال مجموعه واحدة وزيادة هذا العدد بمقدار عدة واحدة كل يوم ,0,عدم الوصول لمستوي جيد واحتماليه الاجهاد العضلي الذي يسبب لضمور وضعف في العضلاتهناك مبدئ في التدريب يسمي بالتدرج وهو يقوم علي التدرج في الاوزان او العدات والطبيعي زياده 5  من شده الحمل  الوزن او العدد  كل اسبوعان شهر علي حسب استجابه جسمك للتمرين ومعدل استشفاءةالارتقاء في مستوي اللياقة يحتاج الي تمرين وغذاء ونومولا تتم عمليه الارتقاء في يوم وليله بل تحتاج لشهور  الجسم يأخذ وقته لاعاده بناء انسجه جديده وقوية,0
ما أنواع خطط التمرين المستخدمة في الجيم ,0,التطبيقات دي هتساعدك تعمل خطة تمرين سواء فى الجيم او البيت,0
ما ميزة لعبة الشطرنج ,0,إجابتي عليك ستكون مختلفة نوعا ما   أقرأها بتمعن و هدوءتعلملت الشطرنج منذ ثلاث سنوات وحدي   و بدأت في اللعب عبر الانترنت مع اصدقائي لانني كنت شغوف جدا عند سماعي عن تلك الل عبة المميزة التي يمارسها العباقرة و كيف يفكرون و ما الى ذالك و بدأت في اللعب فخسرت ما يقرب من خمسمائة لعبة من م ختلف اصدقائي   و استمررت غي التدرب و فهم القواعد اكثر و أكثر حتى حصلت على المركز الثاني في دورة مدرسية و بعد خبرة ليست بقليلة اقول لك أسبابي الخاصة للتعلم اللعبة و النصائح التي يجب عليك مراجعتها  ,1
من جلس على كرسي رئاسة النادي الأهلي أطول فترة ,0,على مدار تاريخه الطويل والحافل بالإنجازات والبطولات تول ى رئاسة النادي الأهلي العديد من الرموز والنجوم الذين أداروا القلعة الحمراء لسنوات طويلة ومنهم من قضى فترة قصيرة وهو ما نرصده فى التقرير التالي 1_ميتشيل إنسي عد ميتشيل أنس صاحب الجنسية الإنجليزية أول رئيس في التاريخ يتولى قياده الأهلي2_عزيز عزت باشاأول رئيس مصرى فى تاريخ الأهلي تولي القيادة في 2 أبريل 1908 إلى 9 فبراير 19163_عبد الخالق ثروت باشاهو مؤسس قانون الأهلي وتولي قياده النادي في 9 فبراير 1916 إلى 14 فبراير 1922 4_جعفر والي باشاتولي قيادة الأهلي من 14 فبراير 1924 إلي 2 فبراير 1944  وتعتبر أطول فترة رئاسة في تاريخ الأهلي 5_أحمد حسنين باشاتولي رئاسة النادي في 1 يناير 1944 حتى فبراير 1946 6_أحمد عبود باشاتولي الرئاسة من 19 فبراير 1947 إلى 19 ديسمبر 1961 7_صلاح الدين الدسوقيهو صاحب فكرة مقر الأهلي الحالي وتولي الرئاسة من 3 ديسمبر 1963 إلى 15 ديسمبر 19658_الفريق عبد المحسن كامل مرتجيتولي رئاسة الاهلي على فترتين    الأولي في 15ديسمبر 1965 حتى 13 يوليو 1967 ثم عاد لكرسي الرئاسة مرة أخري من 8 نوفمبر 1972 إلي 12 ديسمبر 19809_ إبراهيم الوكيلتولي الرئاسة في 18 يوليو 1967 وحتى 8 يوليو 197110_عبده صالح الوحشتولي رئاسة الاهلي في 16 ديسمبر 1988 إلى 6 فبراير 199211_صالح سليمتولي رئاسة الأهلي   الأولي  من 12 ديسمبر 1980 إلى 16 ديسمبر 1988  فيما كانت لفترة الثانية  من 6 فبراير 1992 إلى 6 مايو 200212_حسن حمديتولي رئاسة النادي في 6 فبراير 2002 حتى 29 مارس 201413_ محمود طاهرتولي رئاسة النادي في 29 مارس 2014 إلى 30 نوفمبر 201714_محمود الخطيبتولي رئاسة النادي من 1 ديسمبر 2017 حتى الآن ,0
أواجه مشكلة في لعب كرة القدم وهي عندما يتم تمرير الكرة لي أتوتر ولا أعرف ماذا أفعل بها وفي بعض الأحيان أكون واقفا  في مكاني  ما الحل ,0,والكرة قادمة قبل أن تصلك انظر حولك لتعرف من منك قريب ومن منك بعيد لتعرف ان تتصرف بها وثق بنفسك واعرف قدر مهاراتك فقط ولا تبالغ,0
ما رأيك في مستوي الأهلي في بطولة كأس العالم للأندية  هل كان في الإمكان أفضل من تحقيقه المركز الثالث في البطولة ,0,اعتقد ان المستوي التكتيكي للنادي الاهلي في هذه البطوله كان جيدجدا و لكن علي مستوي الاداء الجمالي لم يكن كما كان متوقع وبالنظر الي مواجهة البايرن في نصف النهائي فاعتقد ان بان حصولنا علي البرونزيه هو اقصي ما يمكن تحقيقه,1
هل هناك حل واقعي لمشكلة النحافة المفرطة عند الشاب أم أنه عليه فقط تقبلها والتعايش معها  لأن  هذه المشكلة تحرمه من الكثير من الأشياء كممارسة الرياضات الجماعية كون بنيته الجسمانية لا تؤهله لذلك  واحتقار الذات وسوء التقدير من الآخرين  إلخ ,1,أخي الفاضل لقد سبق لي أن أجبت هذا السؤال بالتفصيل يكفي البحث في البروفايل الخاص لكن على كل حال سأجيبكماتعاني منه هو مرض في حد ذاته يستوجب زيارة طبيب مختص لتشخيص الأسبابوأسباب النحافة عديدة منها التالي1 فرط نشاط في الغدة الدرقية2 وجود ديدان في الامعاء3 سوء امتصاص نتيجة وجود مشاكل في المعدة مثل القرحة او الاصابة بالجرثومة الحلزونية4 سوء امتصاص نتيجة وجود حساسية الغلوتين  حساسية القمح 5 تناول سعرات حرارية فارغة ليس لها اي قيمة غذائية وعدم تناول الاغذية المركزة بالسعرات6 الاصابة بالسكري سواء النوع الاول او الثاني يؤدي الى خسارة سريعة للوزن7 وجود مشاكل نفسية مثل حالات الاكتئاب وتغيير المزاج والضغوطات النفسية تسبب عند البعض ضعف في الشهية8 القيام بمجهود حركي اكبر من معدل الطاقة التي تدخل الى الجسم9 ضعف في الشهية نتيجة شرب كميات كبيرة من القهوة والتدخين التي قد تكون أحد اهم العوامل في إصابة الرجال بالنحافة بشكل خاص10 قد تكون الاسباب جينية فالوراثة تلعب دور كبير في تحديد شكل الجسمالأهم أن تزور طبيبا مختصا لتحديد السبب الرئيسي بالضبط وبعدها بإمكاننا أن نساعدك في تنمية وتقوية عضلاتك لاشء مستحيل  ,0
لماذا المنتخبات الأوروبية دائما  تفوز بكأس العالم منذ 16 سنة وليس المنتخبات اللاتينية أو الأفريقية على الرغم من امتلاكهم القدرة على ذلك ,0,لان عندهم تخطيط وإدارة صحيحة    وليس الاعتماد علي الموهبة الفطرية فقط,1
ماذا تعرف عن تاريخ بطولة كأس العالم للأندية ,0,تاريخ إنشاء كأس العالم للأندية أعلنت الفيفا عام 1999 عن إنشاء بطولة جديدة يشارك فيها كل أبطال الاتحادات القارية لإضفاء نوع من الديمقراطية و مبدأ تكافؤ الفرص لمعرفة أقوى نادي في العالم كل سنة وهو الأمر الذي لم يكن متاحا في البطولة السابقة التي كانت تعرف فقط مشاركة بطل دوري أبطال أوروبا و بطل كأس ليبرتادوريس مما جعل الأندية أبطال الإتحادات القارية الأخرى تحتج لدى الفيفا كون لقب أحسن نادي في العالم محصورا بين اتحادين قاريين فقط  انهيار شريكة الفيفا التسويقية أ قيم كأس العالم للأندية لأول مرة في 2000 ولم تقم بين 2001 و2004 بسبب انهيار شريكة الفيفا التسويقية وت قام البطولة كل سنة منذ 2005 واستضاف كاس العالم للاندية كل من البرازيل واليابان والإمارات والمغرب وقطر ,0
ماذا تتوقع نتيجة مباراة الأهلي المصري وبايرن ميونيخ الألماني في نصف نهائي كأس العالم للأندية ,0,أتوقع فوز البايرن بنتيجة 2 1    والأهلي سيؤدي مباراه ممتازة ومشرفة,0
ما توقعاتكم لنتيجة مباراه الأهلي وبايرن ميونيخ في نصف نهائي كأس العالم للأندية 2020    ,0,فوز بايرن ميونخالاهلى المصرى وبايرن ميونخ الالمانى  موعد المباراة والقنوات الناقلة كأس العالم للاندية,0
هل يمكن لشاب بعمر 17 سنة مستواه في كرة القدم تحت المتوسط أن يصبح محترف في كرة القدم أم أنها تحتاج لممارسة منذ الصغر  وإن كان ممكن  ما الطرق والحلول لذلك ,0,صعب في هذا السن ان تمارس كرة القدم في درجة الاحتراف    الا لو كنت موهوب بدرجة كبيرة    ولكن اذا كان عندك ارادة حقيقية وعزيمة    يمكنك ان تبدأ في لعب الكرة بجدية والتمسك في أملك ان تصبح لاعبا محترفا,1
هل قرار الاستغناء عن يوفيتش كان صائب ا من طرف زيدان ,0,اعتقد ما دام زيدان لم يضعه في اولوياته و كان هذا واضح في قلة مشاركاته فافضل قرار هو اعاره اللاعب فهذا القرار في صالح الاعب حتي يلعب مباريات اكثر و يثبت انه ظلم و يثقل موهبته و اعتقد ان هذا القرار مفيد ايضا لزيدان فقد ارتاح من السؤال المعتاد لماذا لا يشارك يوفيتش و لكن يجب ان نتفق ان يوفيتش لم يحصل علي ربع فرصه حتي و انه ظلم من قبل زيدان,1
هل لعب الشطرنج موهبة فطرية أم مهارة م كتسبة ,1,الشطرنج مهارة يتم تعلمها ام الفطرة فيها الذكاء في استخدام المهارات المكتسبة ولمعرفة أصل الشطرنج وتاريخه يمكنك تتبع الرابط التالي,0
كيف يمكنني زيادة مهاراتي في لعبة الشطرنج  وهل توجد مسابقات أو منتديات على الإنترنت يمكنني الاشتراك بها ,0,طبعا يمكنك ذلك 70 بالمئة من مهارة الشطرنج نابعة من الممارسة فلو أحضرت أذكى شخص وعلمته كيف يحرك الأحجار وجعلته يلعب ضد شخص غبي قد لعب 3000 مباراة شطرنج بالتأكيد ستكون الغلبة للثاني هناك تطبيقات للعب الشطرنج على متجر غوغل ويمكنك اللعب مع اناس عبر الإنترنت ,0
هل يمكن للشطرنج أن تكون لعبة للمصابين بمرض التوحد ,0,ممكن علي حسب درجه التوحد لان في اطفال مصابين بالتوحد ذكائهم عالي ممكن تفوق الطفل العادي لو أدربوا عليها صح علي يد متخصصين هيتقونها جدا,1
هل يستحق كومان البقاء مع برشلونة بعد نهاية الموسم الحالي ,0,نعم يستحق حتى لو خسر بالتسعة والعشرة أمام باريس لعدة أسباب ,1
هل استخدام الفيتامينات المتعددة مهم ومفيد للاعب كمال الأجسام  أنا شخص رياضي وآكل جيد ا  وقد نصحني بعض الأشخاص بالفيتامينات المتعددة كدعم غذائي ,0,لمكملات الغذائية ليست للجميع وإنما لكبار السن البالغين وللأشخاص الذين سينتفعون من مكملات معينة وأن احتياجك الغذائى ينبغى تلبيته بشكل أساسى عن طريق النظام الغذائى  ومع ذلك تكون المكملات بالنسبة لبعض الأشخاص طريقة مفيدة للحصول على المواد الغذائية التى يفتقرون لهاوللإستفادة من هذه المكملات يجب الابتعاد عن كل ما يفسد فائدة هذه المكملات وتعتبر من مدمرات الصحة مثل   التدخين والوجبات السريعة ال Fast Food والمشروبات الغازية والسكريات وغيرها   إذا  يجب تعديل النظام ونمط الحياة أولا قبل أن نفكر فى أخذ هذه المكملات ولازم نعرف ونفهم حاجه مهمةوهى أن الغذاء الذى صنعه الله عز وجل ليس عاجزوهو قادر على أن يمد الإنسان بكل إحتياجاته اليومية من هذه المكملات دون أخذها من مصدر خارجىواذا ما استطاع الإنسان أن يوازن وينوع وجباته ويأخذها تبعا  لإحتياجاته وحالته الفسيولوجية وعمره ونمط حياته اليومى ونشاطه البدنى وكل شيء  وال Multi Vitamins خد بالك انه مش علاج والمالتى فيتامين بيتاخد كنوع من الوقايه أو نوع من الدعم لكن تذكر دائما الأساس هو الغذاء وتنويع مصادر الغذاء اذا كان حليب   بيض   مشتقات الحليب   لحوم حمراء   اسماك  ولو حابب تستفيد بأكبر استفادة من الكملات لازم تعرف ازاى بتتاخد وايه الحاجات اللى لو اتاخدت مع المكملات بتضيع فايدتها والمقال ده ممكن يفيدك علشان تعرف أقصد ايه وممكن تنزل لاخر فقرة الخاصة بالمكملات الغذائية علطول  فوائد الفيتامينات والمعادن للجسم   ولماذا لا تستفيد منها أجسامنا  freshheallth blogspot com ,0
كيف ابدأ في تعلم الشطرنج ,0,انصحك   بكورس تعلم الشطرنج فى 60 دقيقة  شاهد هذا الفيديو  ستجده أول فيديو بالأسفللو عاوز تتعلم شطرنج صح بجد و تفهم شطرنج و تصل إلى مستوى الاحتراف يبقى تابعنى و شاهد كل كورستنا المجانية فى أسفل الصفحة    ＬＩＫＥ   ＳＨＡＲＥ   ＳＵＢＳＣＲＩＢＥ  و من هنا تبدأ تعلم الشطرنج من الألف إلى الياء learn chess                                           كورس تعلم لعبة الشطرنج  كورس التكتيك  تكتيكات الشطرنج    كورس حالات التعادل فى الشطرنج  الباطه   كورس الاستراتيجية  استراتيجيات الشطرنج    كورس الميدل جيم  استراتيجيات الشطرنج فى وسط الدور    كورس كورس أهم 300 موقف شطرنج  سلسلة فن الهجوم فى الشطرنج  كورسات شطرنج مترجمة,0
أود زيادة وزني مع العلم أنني بدأت برياضة كمال الأجسام  فبماذا تنصحني ,0,انصحك بزياده السعرات اليوميه ل ٥٠٠٠ سعر مع عدم زياده الوقت فى الجيم و القيام بعمل تحاليل تخص الغده الدرقيه,0
ما الفرق الـ 32 التي ستشارك بكأس العالم 2022 وست ق ام في قطر ,0,يمكنك مشاهدة هذا المقال الذي يقدم معلومات مفصلة عن كأس العالم قطر والفرق المشاركة والقنوات الوطنية حيث يمكنك مشاهدة المبادرات ,0
أنا شاب عمري 36 عام  لم أمارس الرياضة البدنية أبدا  والآن أشعر بألم في العضلات كلما بذلت مجهود أو في طلوع السلم مثلا   هل يمكن أن أمارس الرياضة أو أذهب إلى صالة تمارين  وكيف يجب أن أبدأ حتى أحافظ على جسمي ولياقتي البدنية ,0,ممارسة نط الحبل خمس دقائق كل يوم,0
هل هناك قانون تود تغييره في كرة القدم ,0,نعم نعم ان تكون الكرة للنساء ايضا والاهتمام بها مثل الاهتمام بالرجال   لانني احب الكرة كثيرا جدا منذ الصغر  وامارسها من وقت لاخر  وسرعان ما اتذكر ان ليس لها اهتمام   اقول لا داعي للصراع ع وصول للعب في فريق اول او ثاني    ,1
ماذا ينقص نادي مانشستر سيتي لكرة القدم للفوز بلقب الدوري الإنجليزي هذا الموسم 2020 2021 ,0,محرز,1
